10:19:11.562 debug: 2026/9/28 10:19:11
10:19:11.563 debug: Project: D:\Works\Cocos\WxMiniGames\MiniGameBallRouge
10:19:11.563 debug: Targets: editor,preview
10:19:11.566 debug: Incremental file seems great.
10:19:11.567 debug: Engine path: C:\ProgramData\cocos\editors\Creator\3.8.8\resources\resources\3d\engine
10:19:11.583 debug: Initializing target [Editor]
10:19:11.583 debug: Loading cache
10:19:11.590 debug: Loading cache costs 6.810699999999997ms.
10:19:11.591 debug: Engine features shipped in editor: base,gfx-webgl,gfx-webgl2,gfx-empty,gfx-webgpu,3d,animation,skeletal-animation,2d,rich-text,mask,graphics,ui-skew,ui,affine-transform,sorting-2d,particle,particle-2d,physics-framework,physics-cannon,physics-physx,physics-ammo,physics-builtin,physics-2d-framework,physics-2d-box2d-jsb,physics-2d-box2d,physics-2d-builtin,physics-2d-box2d-wasm,intersection-2d,primitive,profiler,occlusion-query,geometry-renderer,debug-renderer,audio,video,xr,light-probe,terrain,webview,tween,tiled-map,vendor-google,spine-3.8,spine-4.2,dragon-bones,marionette,procedural-animation,custom-pipeline,custom-pipeline-builtin-scripts,custom-pipeline-post-process,legacy-pipeline,websocket,websocket-server,meshopt
10:19:11.591 debug: Our import map(foo:/bar): {
  "imports": {
    "cc": "cce:/internal/x/cc"
  }
}
10:19:11.591 debug: Initializing target [Preview]
10:19:11.592 debug: Loading cache
10:19:11.599 debug: Loading cache costs 7.248600000000806ms.
10:19:11.599 debug: Our import map(foo:/bar): {
  "imports": {
    "cc": "cce:/internal/x/cc"
  }
}
10:19:11.639 debug: Sync engine features: 2d,affine-transform,animation,audio,base,custom-pipeline,dragon-bones,gfx-webgl,gfx-webgl2,graphics,intersection-2d,mask,particle-2d,physics-2d-builtin,profiler,rich-text,spine-3.8,tiled-map,tween,ui,video,webview
10:19:11.640 debug: Reset databases. Enumerated domains: [
  {
    "root": "db://internal/",
    "physical": "C:\\ProgramData\\cocos\\editors\\Creator\\3.8.8\\resources\\resources\\3d\\engine\\editor\\assets"
  },
  {
    "root": "db://assets/",
    "physical": "D:\\Works\\Cocos\\WxMiniGames\\MiniGameBallRouge\\assets"
  }
]
10:19:11.640 debug: Our import map(foo:/bar): {
  "imports": {
    "cc": "cce:/internal/x/cc",
    "db://internal/": "file:///C:/ProgramData/cocos/editors/Creator/3.8.8/resources/resources/3d/engine/editor/assets/",
    "db://assets/": "file:///D:/Works/Cocos/WxMiniGames/MiniGameBallRouge/assets/"
  }
}
10:19:11.642 debug: Our import map(foo:/bar): {
  "imports": {
    "cc": "cce:/internal/x/cc",
    "db://internal/": "file:///C:/ProgramData/cocos/editors/Creator/3.8.8/resources/resources/3d/engine/editor/assets/",
    "db://assets/": "file:///D:/Works/Cocos/WxMiniGames/MiniGameBallRouge/assets/"
  }
}
10:19:11.643 debug: Pulling asset-db.
10:19:11.648 debug: Fetch asset-db cost: 5.120100000000093ms.
10:19:11.650 debug: Build iteration starts.
Number of accumulated asset changes: 40
Feature changed: false
10:19:11.650 debug: Target(editor) build started.
10:19:11.654 debug: Detected change: cce:/internal/x/cc. Last mtime: Thu Jan 01 1970 08:00:10 GMT+0800 (香港标准时间), Current mtime: Thu Jan 01 1970 08:00:08 GMT+0800 (香港标准时间)
10:19:11.654 debug: Inspect cce:/internal/x/cc
10:19:11.729 debug: transform url: 'cce:/internal/x/cc' costs: 74.60 ms
10:19:11.730 debug: Resolve cce:/internal/x/cc-fu/base from cce:/internal/x/cc as external dependency cce:/internal/x/cc-fu/base.
10:19:11.730 debug: Resolve cce:/internal/x/cc-fu/gfx-webgl from cce:/internal/x/cc as external dependency cce:/internal/x/cc-fu/gfx-webgl.
10:19:11.731 debug: Resolve cce:/internal/x/cc-fu/gfx-webgl2 from cce:/internal/x/cc as external dependency cce:/internal/x/cc-fu/gfx-webgl2.
10:19:11.731 debug: Resolve cce:/internal/x/cc-fu/gfx-empty from cce:/internal/x/cc as external dependency cce:/internal/x/cc-fu/gfx-empty.
10:19:11.731 debug: Resolve cce:/internal/x/cc-fu/gfx-webgpu from cce:/internal/x/cc as external dependency cce:/internal/x/cc-fu/gfx-webgpu.
10:19:11.731 debug: Resolve cce:/internal/x/cc-fu/3d from cce:/internal/x/cc as external dependency cce:/internal/x/cc-fu/3d.
10:19:11.731 debug: Resolve cce:/internal/x/cc-fu/animation from cce:/internal/x/cc as external dependency cce:/internal/x/cc-fu/animation.
10:19:11.731 debug: Resolve cce:/internal/x/cc-fu/skeletal-animation from cce:/internal/x/cc as external dependency cce:/internal/x/cc-fu/skeletal-animation.
10:19:11.731 debug: Resolve cce:/internal/x/cc-fu/2d from cce:/internal/x/cc as external dependency cce:/internal/x/cc-fu/2d.
10:19:11.731 debug: Resolve cce:/internal/x/cc-fu/sorting from cce:/internal/x/cc as external dependency cce:/internal/x/cc-fu/sorting.
10:19:11.731 debug: Resolve cce:/internal/x/cc-fu/rich-text from cce:/internal/x/cc as external dependency cce:/internal/x/cc-fu/rich-text.
10:19:11.731 debug: Resolve cce:/internal/x/cc-fu/mask from cce:/internal/x/cc as external dependency cce:/internal/x/cc-fu/mask.
10:19:11.731 debug: Resolve cce:/internal/x/cc-fu/graphics from cce:/internal/x/cc as external dependency cce:/internal/x/cc-fu/graphics.
10:19:11.731 debug: Resolve cce:/internal/x/cc-fu/ui-skew from cce:/internal/x/cc as external dependency cce:/internal/x/cc-fu/ui-skew.
10:19:11.731 debug: Resolve cce:/internal/x/cc-fu/ui from cce:/internal/x/cc as external dependency cce:/internal/x/cc-fu/ui.
10:19:11.731 debug: Resolve cce:/internal/x/cc-fu/affine-transform from cce:/internal/x/cc as external dependency cce:/internal/x/cc-fu/affine-transform.
10:19:11.731 debug: Resolve cce:/internal/x/cc-fu/sorting-2d from cce:/internal/x/cc as external dependency cce:/internal/x/cc-fu/sorting-2d.
10:19:11.732 debug: Resolve cce:/internal/x/cc-fu/particle from cce:/internal/x/cc as external dependency cce:/internal/x/cc-fu/particle.
10:19:11.732 debug: Resolve cce:/internal/x/cc-fu/particle-2d from cce:/internal/x/cc as external dependency cce:/internal/x/cc-fu/particle-2d.
10:19:11.732 debug: Resolve cce:/internal/x/cc-fu/physics-framework from cce:/internal/x/cc as external dependency cce:/internal/x/cc-fu/physics-framework.
10:19:11.732 debug: Resolve cce:/internal/x/cc-fu/physics-cannon from cce:/internal/x/cc as external dependency cce:/internal/x/cc-fu/physics-cannon.
10:19:11.732 debug: Resolve cce:/internal/x/cc-fu/physics-physx from cce:/internal/x/cc as external dependency cce:/internal/x/cc-fu/physics-physx.
10:19:11.732 debug: Resolve cce:/internal/x/cc-fu/physics-ammo from cce:/internal/x/cc as external dependency cce:/internal/x/cc-fu/physics-ammo.
10:19:11.732 debug: Resolve cce:/internal/x/cc-fu/physics-builtin from cce:/internal/x/cc as external dependency cce:/internal/x/cc-fu/physics-builtin.
10:19:11.732 debug: Resolve cce:/internal/x/cc-fu/physics-2d-framework from cce:/internal/x/cc as external dependency cce:/internal/x/cc-fu/physics-2d-framework.
10:19:11.732 debug: Resolve cce:/internal/x/cc-fu/physics-2d-box2d-jsb from cce:/internal/x/cc as external dependency cce:/internal/x/cc-fu/physics-2d-box2d-jsb.
10:19:11.732 debug: Resolve cce:/internal/x/cc-fu/physics-2d-box2d from cce:/internal/x/cc as external dependency cce:/internal/x/cc-fu/physics-2d-box2d.
10:19:11.732 debug: Resolve cce:/internal/x/cc-fu/physics-2d-builtin from cce:/internal/x/cc as external dependency cce:/internal/x/cc-fu/physics-2d-builtin.
10:19:11.732 debug: Resolve cce:/internal/x/cc-fu/physics-2d-box2d-wasm from cce:/internal/x/cc as external dependency cce:/internal/x/cc-fu/physics-2d-box2d-wasm.
10:19:11.732 debug: Resolve cce:/internal/x/cc-fu/intersection-2d from cce:/internal/x/cc as external dependency cce:/internal/x/cc-fu/intersection-2d.
10:19:11.732 debug: Resolve cce:/internal/x/cc-fu/primitive from cce:/internal/x/cc as external dependency cce:/internal/x/cc-fu/primitive.
10:19:11.732 debug: Resolve cce:/internal/x/cc-fu/profiler from cce:/internal/x/cc as external dependency cce:/internal/x/cc-fu/profiler.
10:19:11.732 debug: Resolve cce:/internal/x/cc-fu/geometry-renderer from cce:/internal/x/cc as external dependency cce:/internal/x/cc-fu/geometry-renderer.
10:19:11.732 debug: Resolve cce:/internal/x/cc-fu/audio from cce:/internal/x/cc as external dependency cce:/internal/x/cc-fu/audio.
10:19:11.732 debug: Resolve cce:/internal/x/cc-fu/video from cce:/internal/x/cc as external dependency cce:/internal/x/cc-fu/video.
10:19:11.732 debug: Resolve cce:/internal/x/cc-fu/xr from cce:/internal/x/cc as external dependency cce:/internal/x/cc-fu/xr.
10:19:11.732 debug: Resolve cce:/internal/x/cc-fu/light-probe from cce:/internal/x/cc as external dependency cce:/internal/x/cc-fu/light-probe.
10:19:11.732 debug: Resolve cce:/internal/x/cc-fu/terrain from cce:/internal/x/cc as external dependency cce:/internal/x/cc-fu/terrain.
10:19:11.732 debug: Resolve cce:/internal/x/cc-fu/webview from cce:/internal/x/cc as external dependency cce:/internal/x/cc-fu/webview.
10:19:11.732 debug: Resolve cce:/internal/x/cc-fu/tween from cce:/internal/x/cc as external dependency cce:/internal/x/cc-fu/tween.
10:19:11.732 debug: Resolve cce:/internal/x/cc-fu/tiled-map from cce:/internal/x/cc as external dependency cce:/internal/x/cc-fu/tiled-map.
10:19:11.732 debug: Resolve cce:/internal/x/cc-fu/vendor-google from cce:/internal/x/cc as external dependency cce:/internal/x/cc-fu/vendor-google.
10:19:11.732 debug: Resolve cce:/internal/x/cc-fu/spine from cce:/internal/x/cc as external dependency cce:/internal/x/cc-fu/spine.
10:19:11.733 debug: Resolve cce:/internal/x/cc-fu/dragon-bones from cce:/internal/x/cc as external dependency cce:/internal/x/cc-fu/dragon-bones.
10:19:11.733 debug: Resolve cce:/internal/x/cc-fu/custom-pipeline from cce:/internal/x/cc as external dependency cce:/internal/x/cc-fu/custom-pipeline.
10:19:11.733 debug: Resolve cce:/internal/x/cc-fu/custom-pipeline-post-process from cce:/internal/x/cc as external dependency cce:/internal/x/cc-fu/custom-pipeline-post-process.
10:19:11.733 debug: Resolve cce:/internal/x/cc-fu/legacy-pipeline from cce:/internal/x/cc as external dependency cce:/internal/x/cc-fu/legacy-pipeline.
10:19:11.733 debug: Detected change: cce:/internal/x/prerequisite-imports. Last mtime: Thu Jan 01 1970 08:00:18 GMT+0800 (香港标准时间), Current mtime: Thu Jan 01 1970 08:00:09 GMT+0800 (香港标准时间)
10:19:11.733 debug: Inspect cce:/internal/x/prerequisite-imports
10:19:11.765 debug: transform url: 'cce:/internal/x/prerequisite-imports' costs: 32.10 ms
10:19:11.767 debug: Resolve file:///C:/ProgramData/cocos/editors/Creator/3.8.8/resources/resources/3d/engine/editor/assets/default_renderpipeline/builtin-dof-pass.ts from cce:/internal/x/prerequisite-imports as file:///C:/ProgramData/cocos/editors/Creator/3.8.8/resources/resources/3d/engine/editor/assets/default_renderpipeline/builtin-dof-pass.ts.
10:19:11.768 debug: Resolve file:///C:/ProgramData/cocos/editors/Creator/3.8.8/resources/resources/3d/engine/editor/assets/default_renderpipeline/builtin-pipeline-pass.ts from cce:/internal/x/prerequisite-imports as file:///C:/ProgramData/cocos/editors/Creator/3.8.8/resources/resources/3d/engine/editor/assets/default_renderpipeline/builtin-pipeline-pass.ts.
10:19:11.769 debug: Resolve file:///C:/ProgramData/cocos/editors/Creator/3.8.8/resources/resources/3d/engine/editor/assets/default_renderpipeline/builtin-pipeline-settings.ts from cce:/internal/x/prerequisite-imports as file:///C:/ProgramData/cocos/editors/Creator/3.8.8/resources/resources/3d/engine/editor/assets/default_renderpipeline/builtin-pipeline-settings.ts.
10:19:11.770 debug: Resolve file:///C:/ProgramData/cocos/editors/Creator/3.8.8/resources/resources/3d/engine/editor/assets/default_renderpipeline/builtin-pipeline-types.ts from cce:/internal/x/prerequisite-imports as file:///C:/ProgramData/cocos/editors/Creator/3.8.8/resources/resources/3d/engine/editor/assets/default_renderpipeline/builtin-pipeline-types.ts.
10:19:11.771 debug: Resolve file:///C:/ProgramData/cocos/editors/Creator/3.8.8/resources/resources/3d/engine/editor/assets/default_renderpipeline/builtin-pipeline.ts from cce:/internal/x/prerequisite-imports as file:///C:/ProgramData/cocos/editors/Creator/3.8.8/resources/resources/3d/engine/editor/assets/default_renderpipeline/builtin-pipeline.ts.
10:19:11.772 debug: Resolve file:///C:/ProgramData/cocos/editors/Creator/3.8.8/resources/resources/3d/engine/editor/assets/tools/debug-view-runtime-control.ts from cce:/internal/x/prerequisite-imports as file:///C:/ProgramData/cocos/editors/Creator/3.8.8/resources/resources/3d/engine/editor/assets/tools/debug-view-runtime-control.ts.
10:19:11.772 debug: Resolve file:///D:/Works/Cocos/WxMiniGames/MiniGameBallRouge/assets/scripts/Game/CommonGame/CommonGameEntry.ts from cce:/internal/x/prerequisite-imports as file:///D:/Works/Cocos/WxMiniGames/MiniGameBallRouge/assets/scripts/Game/CommonGame/CommonGameEntry.ts.
10:19:11.773 debug: Inspect file:///D:/Works/Cocos/WxMiniGames/MiniGameBallRouge/assets/scripts/Game/CommonGame/CommonGameEntry.ts
10:19:11.809 debug: transform url: 'file:///D:/Works/Cocos/WxMiniGames/MiniGameBallRouge/assets/scripts/Game/CommonGame/CommonGameEntry.ts' costs: 36.60 ms
10:19:11.811 debug: Resolve file:///D:/Works/Cocos/WxMiniGames/MiniGameBallRouge/assets/scripts/Game/CommonGame/CommonGameProgress.ts from cce:/internal/x/prerequisite-imports as file:///D:/Works/Cocos/WxMiniGames/MiniGameBallRouge/assets/scripts/Game/CommonGame/CommonGameProgress.ts.
10:19:11.812 debug: Inspect file:///D:/Works/Cocos/WxMiniGames/MiniGameBallRouge/assets/scripts/Game/CommonGame/CommonGameProgress.ts
10:19:11.851 debug: transform url: 'file:///D:/Works/Cocos/WxMiniGames/MiniGameBallRouge/assets/scripts/Game/CommonGame/CommonGameProgress.ts' costs: 39.70 ms
10:19:11.853 debug: Resolve file:///D:/Works/Cocos/WxMiniGames/MiniGameBallRouge/assets/scripts/Game/CommonGame/CommonUIConfig.ts from cce:/internal/x/prerequisite-imports as file:///D:/Works/Cocos/WxMiniGames/MiniGameBallRouge/assets/scripts/Game/CommonGame/CommonUIConfig.ts.
10:19:11.853 debug: Inspect file:///D:/Works/Cocos/WxMiniGames/MiniGameBallRouge/assets/scripts/Game/CommonGame/CommonUIConfig.ts
10:19:11.903 debug: transform url: 'file:///D:/Works/Cocos/WxMiniGames/MiniGameBallRouge/assets/scripts/Game/CommonGame/CommonUIConfig.ts' costs: 49.80 ms
10:19:11.905 debug: Resolve file:///D:/Works/Cocos/WxMiniGames/MiniGameBallRouge/assets/scripts/Game/CommonGame/shader/PixelMonsterSprite.ts from cce:/internal/x/prerequisite-imports as file:///D:/Works/Cocos/WxMiniGames/MiniGameBallRouge/assets/scripts/Game/CommonGame/shader/PixelMonsterSprite.ts.
10:19:11.905 debug: Inspect file:///D:/Works/Cocos/WxMiniGames/MiniGameBallRouge/assets/scripts/Game/CommonGame/shader/PixelMonsterSprite.ts
10:19:12.063 debug: transform url: 'file:///D:/Works/Cocos/WxMiniGames/MiniGameBallRouge/assets/scripts/Game/CommonGame/shader/PixelMonsterSprite.ts' costs: 157.40 ms
10:19:12.067 debug: Resolve file:///D:/Works/Cocos/WxMiniGames/MiniGameBallRouge/assets/scripts/Game/CommonGame/ui/AdPanel.ts from cce:/internal/x/prerequisite-imports as file:///D:/Works/Cocos/WxMiniGames/MiniGameBallRouge/assets/scripts/Game/CommonGame/ui/AdPanel.ts.
10:19:12.067 debug: Inspect file:///D:/Works/Cocos/WxMiniGames/MiniGameBallRouge/assets/scripts/Game/CommonGame/ui/AdPanel.ts
10:19:12.128 debug: transform url: 'file:///D:/Works/Cocos/WxMiniGames/MiniGameBallRouge/assets/scripts/Game/CommonGame/ui/AdPanel.ts' costs: 60.70 ms
10:19:12.130 debug: Resolve file:///D:/Works/Cocos/WxMiniGames/MiniGameBallRouge/assets/scripts/Game/CommonGame/ui/GamePanel.ts from cce:/internal/x/prerequisite-imports as file:///D:/Works/Cocos/WxMiniGames/MiniGameBallRouge/assets/scripts/Game/CommonGame/ui/GamePanel.ts.
10:19:12.130 debug: Inspect file:///D:/Works/Cocos/WxMiniGames/MiniGameBallRouge/assets/scripts/Game/CommonGame/ui/GamePanel.ts
10:19:12.387 debug: transform url: 'file:///D:/Works/Cocos/WxMiniGames/MiniGameBallRouge/assets/scripts/Game/CommonGame/ui/GamePanel.ts' costs: 257.20 ms
10:19:12.391 debug: Resolve file:///D:/Works/Cocos/WxMiniGames/MiniGameBallRouge/assets/scripts/Game/CommonGame/ui/LoadingPanel.ts from cce:/internal/x/prerequisite-imports as file:///D:/Works/Cocos/WxMiniGames/MiniGameBallRouge/assets/scripts/Game/CommonGame/ui/LoadingPanel.ts.
10:19:12.391 debug: Inspect file:///D:/Works/Cocos/WxMiniGames/MiniGameBallRouge/assets/scripts/Game/CommonGame/ui/LoadingPanel.ts
10:19:12.491 debug: transform url: 'file:///D:/Works/Cocos/WxMiniGames/MiniGameBallRouge/assets/scripts/Game/CommonGame/ui/LoadingPanel.ts' costs: 100.00 ms
10:19:12.494 debug: Resolve file:///D:/Works/Cocos/WxMiniGames/MiniGameBallRouge/assets/scripts/Game/CommonGame/ui/LoginPanel.ts from cce:/internal/x/prerequisite-imports as file:///D:/Works/Cocos/WxMiniGames/MiniGameBallRouge/assets/scripts/Game/CommonGame/ui/LoginPanel.ts.
10:19:12.494 debug: Inspect file:///D:/Works/Cocos/WxMiniGames/MiniGameBallRouge/assets/scripts/Game/CommonGame/ui/LoginPanel.ts
10:19:12.572 debug: transform url: 'file:///D:/Works/Cocos/WxMiniGames/MiniGameBallRouge/assets/scripts/Game/CommonGame/ui/LoginPanel.ts' costs: 78.10 ms
10:19:12.575 debug: Resolve file:///D:/Works/Cocos/WxMiniGames/MiniGameBallRouge/assets/scripts/Game/CommonGame/ui/MainPage.ts from cce:/internal/x/prerequisite-imports as file:///D:/Works/Cocos/WxMiniGames/MiniGameBallRouge/assets/scripts/Game/CommonGame/ui/MainPage.ts.
10:19:12.575 debug: Inspect file:///D:/Works/Cocos/WxMiniGames/MiniGameBallRouge/assets/scripts/Game/CommonGame/ui/MainPage.ts
10:19:12.636 debug: transform url: 'file:///D:/Works/Cocos/WxMiniGames/MiniGameBallRouge/assets/scripts/Game/CommonGame/ui/MainPage.ts' costs: 60.70 ms
10:19:12.637 debug: Resolve file:///D:/Works/Cocos/WxMiniGames/MiniGameBallRouge/assets/scripts/Game/CommonGame/ui/MainPanel.ts from cce:/internal/x/prerequisite-imports as file:///D:/Works/Cocos/WxMiniGames/MiniGameBallRouge/assets/scripts/Game/CommonGame/ui/MainPanel.ts.
10:19:12.638 debug: Inspect file:///D:/Works/Cocos/WxMiniGames/MiniGameBallRouge/assets/scripts/Game/CommonGame/ui/MainPanel.ts
10:19:12.701 debug: transform url: 'file:///D:/Works/Cocos/WxMiniGames/MiniGameBallRouge/assets/scripts/Game/CommonGame/ui/MainPanel.ts' costs: 63.60 ms
10:19:12.893 debug: Resolve file:///D:/Works/Cocos/WxMiniGames/MiniGameBallRouge/assets/scripts/Game/CommonGame/ui/PausePanel.ts from cce:/internal/x/prerequisite-imports as file:///D:/Works/Cocos/WxMiniGames/MiniGameBallRouge/assets/scripts/Game/CommonGame/ui/PausePanel.ts.
10:19:12.893 debug: Inspect file:///D:/Works/Cocos/WxMiniGames/MiniGameBallRouge/assets/scripts/Game/CommonGame/ui/PausePanel.ts
10:19:12.935 debug: transform url: 'file:///D:/Works/Cocos/WxMiniGames/MiniGameBallRouge/assets/scripts/Game/CommonGame/ui/PausePanel.ts' costs: 41.50 ms
10:19:12.937 debug: Resolve file:///D:/Works/Cocos/WxMiniGames/MiniGameBallRouge/assets/scripts/Game/CommonGame/ui/RankPanel.ts from cce:/internal/x/prerequisite-imports as file:///D:/Works/Cocos/WxMiniGames/MiniGameBallRouge/assets/scripts/Game/CommonGame/ui/RankPanel.ts.
10:19:12.937 debug: Inspect file:///D:/Works/Cocos/WxMiniGames/MiniGameBallRouge/assets/scripts/Game/CommonGame/ui/RankPanel.ts
10:19:12.996 debug: transform url: 'file:///D:/Works/Cocos/WxMiniGames/MiniGameBallRouge/assets/scripts/Game/CommonGame/ui/RankPanel.ts' costs: 59.50 ms
10:19:12.998 debug: Resolve file:///D:/Works/Cocos/WxMiniGames/MiniGameBallRouge/assets/scripts/Game/CommonGame/ui/TransitionPanel.ts from cce:/internal/x/prerequisite-imports as file:///D:/Works/Cocos/WxMiniGames/MiniGameBallRouge/assets/scripts/Game/CommonGame/ui/TransitionPanel.ts.
10:19:12.998 debug: Inspect file:///D:/Works/Cocos/WxMiniGames/MiniGameBallRouge/assets/scripts/Game/CommonGame/ui/TransitionPanel.ts
10:19:13.038 debug: transform url: 'file:///D:/Works/Cocos/WxMiniGames/MiniGameBallRouge/assets/scripts/Game/CommonGame/ui/TransitionPanel.ts' costs: 39.90 ms
10:19:13.040 debug: Resolve file:///D:/Works/Cocos/WxMiniGames/MiniGameBallRouge/assets/scripts/engine/AdManager.ts from cce:/internal/x/prerequisite-imports as file:///D:/Works/Cocos/WxMiniGames/MiniGameBallRouge/assets/scripts/engine/AdManager.ts.
10:19:13.040 debug: Inspect file:///D:/Works/Cocos/WxMiniGames/MiniGameBallRouge/assets/scripts/engine/AdManager.ts
10:19:13.097 debug: transform url: 'file:///D:/Works/Cocos/WxMiniGames/MiniGameBallRouge/assets/scripts/engine/AdManager.ts' costs: 56.40 ms
10:19:13.099 debug: Resolve file:///D:/Works/Cocos/WxMiniGames/MiniGameBallRouge/assets/scripts/engine/AudioManager.ts from cce:/internal/x/prerequisite-imports as file:///D:/Works/Cocos/WxMiniGames/MiniGameBallRouge/assets/scripts/engine/AudioManager.ts.
10:19:13.099 debug: Inspect file:///D:/Works/Cocos/WxMiniGames/MiniGameBallRouge/assets/scripts/engine/AudioManager.ts
10:19:13.175 debug: transform url: 'file:///D:/Works/Cocos/WxMiniGames/MiniGameBallRouge/assets/scripts/engine/AudioManager.ts' costs: 75.10 ms
10:19:13.183 debug: Resolve file:///D:/Works/Cocos/WxMiniGames/MiniGameBallRouge/assets/scripts/engine/ConfigManager.ts from cce:/internal/x/prerequisite-imports as file:///D:/Works/Cocos/WxMiniGames/MiniGameBallRouge/assets/scripts/engine/ConfigManager.ts.
10:19:13.184 debug: Inspect file:///D:/Works/Cocos/WxMiniGames/MiniGameBallRouge/assets/scripts/engine/ConfigManager.ts
10:19:13.254 debug: transform url: 'file:///D:/Works/Cocos/WxMiniGames/MiniGameBallRouge/assets/scripts/engine/ConfigManager.ts' costs: 69.40 ms
10:19:13.256 debug: Resolve file:///D:/Works/Cocos/WxMiniGames/MiniGameBallRouge/assets/scripts/engine/FlatBuffersRuntime.ts from cce:/internal/x/prerequisite-imports as file:///D:/Works/Cocos/WxMiniGames/MiniGameBallRouge/assets/scripts/engine/FlatBuffersRuntime.ts.
10:19:13.256 debug: Inspect file:///D:/Works/Cocos/WxMiniGames/MiniGameBallRouge/assets/scripts/engine/FlatBuffersRuntime.ts
10:19:13.307 debug: transform url: 'file:///D:/Works/Cocos/WxMiniGames/MiniGameBallRouge/assets/scripts/engine/FlatBuffersRuntime.ts' costs: 51.30 ms
10:19:13.309 debug: Resolve file:///D:/Works/Cocos/WxMiniGames/MiniGameBallRouge/assets/scripts/engine/GameManager.ts from cce:/internal/x/prerequisite-imports as file:///D:/Works/Cocos/WxMiniGames/MiniGameBallRouge/assets/scripts/engine/GameManager.ts.
10:19:13.310 debug: Inspect file:///D:/Works/Cocos/WxMiniGames/MiniGameBallRouge/assets/scripts/engine/GameManager.ts
10:19:13.365 debug: transform url: 'file:///D:/Works/Cocos/WxMiniGames/MiniGameBallRouge/assets/scripts/engine/GameManager.ts' costs: 55.30 ms
10:19:13.382 debug: Resolve file:///D:/Works/Cocos/WxMiniGames/MiniGameBallRouge/assets/scripts/engine/Launcher.ts from cce:/internal/x/prerequisite-imports as file:///D:/Works/Cocos/WxMiniGames/MiniGameBallRouge/assets/scripts/engine/Launcher.ts.
10:19:13.383 debug: Inspect file:///D:/Works/Cocos/WxMiniGames/MiniGameBallRouge/assets/scripts/engine/Launcher.ts
10:19:13.427 debug: transform url: 'file:///D:/Works/Cocos/WxMiniGames/MiniGameBallRouge/assets/scripts/engine/Launcher.ts' costs: 44.70 ms
10:19:13.430 debug: Resolve file:///D:/Works/Cocos/WxMiniGames/MiniGameBallRouge/assets/scripts/engine/NodePool.ts from cce:/internal/x/prerequisite-imports as file:///D:/Works/Cocos/WxMiniGames/MiniGameBallRouge/assets/scripts/engine/NodePool.ts.
10:19:13.430 debug: Inspect file:///D:/Works/Cocos/WxMiniGames/MiniGameBallRouge/assets/scripts/engine/NodePool.ts
10:19:13.466 debug: transform url: 'file:///D:/Works/Cocos/WxMiniGames/MiniGameBallRouge/assets/scripts/engine/NodePool.ts' costs: 35.80 ms
10:19:13.469 debug: Resolve file:///D:/Works/Cocos/WxMiniGames/MiniGameBallRouge/assets/scripts/engine/PlatformManager.ts from cce:/internal/x/prerequisite-imports as file:///D:/Works/Cocos/WxMiniGames/MiniGameBallRouge/assets/scripts/engine/PlatformManager.ts.
10:19:13.469 debug: Inspect file:///D:/Works/Cocos/WxMiniGames/MiniGameBallRouge/assets/scripts/engine/PlatformManager.ts
10:19:13.579 debug: transform url: 'file:///D:/Works/Cocos/WxMiniGames/MiniGameBallRouge/assets/scripts/engine/PlatformManager.ts' costs: 110.00 ms
10:19:13.581 debug: Resolve file:///D:/Works/Cocos/WxMiniGames/MiniGameBallRouge/assets/scripts/engine/ResManager.ts from cce:/internal/x/prerequisite-imports as file:///D:/Works/Cocos/WxMiniGames/MiniGameBallRouge/assets/scripts/engine/ResManager.ts.
10:19:13.581 debug: Inspect file:///D:/Works/Cocos/WxMiniGames/MiniGameBallRouge/assets/scripts/engine/ResManager.ts
10:19:13.640 debug: transform url: 'file:///D:/Works/Cocos/WxMiniGames/MiniGameBallRouge/assets/scripts/engine/ResManager.ts' costs: 58.50 ms
10:19:13.643 debug: Resolve file:///D:/Works/Cocos/WxMiniGames/MiniGameBallRouge/assets/scripts/engine/ScreenAdapter.ts from cce:/internal/x/prerequisite-imports as file:///D:/Works/Cocos/WxMiniGames/MiniGameBallRouge/assets/scripts/engine/ScreenAdapter.ts.
10:19:13.643 debug: Inspect file:///D:/Works/Cocos/WxMiniGames/MiniGameBallRouge/assets/scripts/engine/ScreenAdapter.ts
10:19:13.674 debug: transform url: 'file:///D:/Works/Cocos/WxMiniGames/MiniGameBallRouge/assets/scripts/engine/ScreenAdapter.ts' costs: 31.60 ms
10:19:13.676 debug: Resolve file:///D:/Works/Cocos/WxMiniGames/MiniGameBallRouge/assets/scripts/engine/ui/UIBase.ts from cce:/internal/x/prerequisite-imports as file:///D:/Works/Cocos/WxMiniGames/MiniGameBallRouge/assets/scripts/engine/ui/UIBase.ts.
10:19:13.676 debug: Inspect file:///D:/Works/Cocos/WxMiniGames/MiniGameBallRouge/assets/scripts/engine/ui/UIBase.ts
10:19:13.747 debug: transform url: 'file:///D:/Works/Cocos/WxMiniGames/MiniGameBallRouge/assets/scripts/engine/ui/UIBase.ts' costs: 70.90 ms
10:19:13.749 debug: Resolve file:///D:/Works/Cocos/WxMiniGames/MiniGameBallRouge/assets/scripts/engine/ui/UIData.ts from cce:/internal/x/prerequisite-imports as file:///D:/Works/Cocos/WxMiniGames/MiniGameBallRouge/assets/scripts/engine/ui/UIData.ts.
10:19:13.749 debug: Inspect file:///D:/Works/Cocos/WxMiniGames/MiniGameBallRouge/assets/scripts/engine/ui/UIData.ts
10:19:13.822 debug: transform url: 'file:///D:/Works/Cocos/WxMiniGames/MiniGameBallRouge/assets/scripts/engine/ui/UIData.ts' costs: 72.10 ms
10:19:13.863 debug: Resolve file:///D:/Works/Cocos/WxMiniGames/MiniGameBallRouge/assets/scripts/engine/ui/UIManager.ts from cce:/internal/x/prerequisite-imports as file:///D:/Works/Cocos/WxMiniGames/MiniGameBallRouge/assets/scripts/engine/ui/UIManager.ts.
10:19:13.863 debug: Inspect file:///D:/Works/Cocos/WxMiniGames/MiniGameBallRouge/assets/scripts/engine/ui/UIManager.ts
10:19:13.955 debug: transform url: 'file:///D:/Works/Cocos/WxMiniGames/MiniGameBallRouge/assets/scripts/engine/ui/UIManager.ts' costs: 91.30 ms
10:19:13.994 debug: Resolve file:///D:/Works/Cocos/WxMiniGames/MiniGameBallRouge/assets/scripts/framework/EventManager.ts from cce:/internal/x/prerequisite-imports as file:///D:/Works/Cocos/WxMiniGames/MiniGameBallRouge/assets/scripts/framework/EventManager.ts.
10:19:13.994 debug: Inspect file:///D:/Works/Cocos/WxMiniGames/MiniGameBallRouge/assets/scripts/framework/EventManager.ts
10:19:14.028 debug: transform url: 'file:///D:/Works/Cocos/WxMiniGames/MiniGameBallRouge/assets/scripts/framework/EventManager.ts' costs: 33.40 ms
10:19:14.029 debug: Resolve file:///D:/Works/Cocos/WxMiniGames/MiniGameBallRouge/assets/scripts/framework/FrameworkConst.ts from cce:/internal/x/prerequisite-imports as file:///D:/Works/Cocos/WxMiniGames/MiniGameBallRouge/assets/scripts/framework/FrameworkConst.ts.
10:19:14.029 debug: Inspect file:///D:/Works/Cocos/WxMiniGames/MiniGameBallRouge/assets/scripts/framework/FrameworkConst.ts
10:19:14.047 debug: transform url: 'file:///D:/Works/Cocos/WxMiniGames/MiniGameBallRouge/assets/scripts/framework/FrameworkConst.ts' costs: 17.80 ms
10:19:14.049 debug: Resolve file:///D:/Works/Cocos/WxMiniGames/MiniGameBallRouge/assets/scripts/framework/FrameworkEvent.ts from cce:/internal/x/prerequisite-imports as file:///D:/Works/Cocos/WxMiniGames/MiniGameBallRouge/assets/scripts/framework/FrameworkEvent.ts.
10:19:14.049 debug: Inspect file:///D:/Works/Cocos/WxMiniGames/MiniGameBallRouge/assets/scripts/framework/FrameworkEvent.ts
10:19:14.067 debug: transform url: 'file:///D:/Works/Cocos/WxMiniGames/MiniGameBallRouge/assets/scripts/framework/FrameworkEvent.ts' costs: 17.40 ms
10:19:14.069 debug: Resolve file:///D:/Works/Cocos/WxMiniGames/MiniGameBallRouge/assets/scripts/framework/ObjectPool.ts from cce:/internal/x/prerequisite-imports as file:///D:/Works/Cocos/WxMiniGames/MiniGameBallRouge/assets/scripts/framework/ObjectPool.ts.
10:19:14.069 debug: Inspect file:///D:/Works/Cocos/WxMiniGames/MiniGameBallRouge/assets/scripts/framework/ObjectPool.ts
10:19:14.102 debug: transform url: 'file:///D:/Works/Cocos/WxMiniGames/MiniGameBallRouge/assets/scripts/framework/ObjectPool.ts' costs: 32.40 ms
10:19:14.103 debug: Resolve file:///D:/Works/Cocos/WxMiniGames/MiniGameBallRouge/assets/scripts/framework/StorageManager.ts from cce:/internal/x/prerequisite-imports as file:///D:/Works/Cocos/WxMiniGames/MiniGameBallRouge/assets/scripts/framework/StorageManager.ts.
10:19:14.104 debug: Inspect file:///D:/Works/Cocos/WxMiniGames/MiniGameBallRouge/assets/scripts/framework/StorageManager.ts
10:19:14.143 debug: transform url: 'file:///D:/Works/Cocos/WxMiniGames/MiniGameBallRouge/assets/scripts/framework/StorageManager.ts' costs: 39.70 ms
10:19:14.147 debug: Resolve file:///D:/Works/Cocos/WxMiniGames/MiniGameBallRouge/assets/scripts/framework/TimerManager.ts from cce:/internal/x/prerequisite-imports as file:///D:/Works/Cocos/WxMiniGames/MiniGameBallRouge/assets/scripts/framework/TimerManager.ts.
10:19:14.147 debug: Inspect file:///D:/Works/Cocos/WxMiniGames/MiniGameBallRouge/assets/scripts/framework/TimerManager.ts
10:19:14.179 debug: transform url: 'file:///D:/Works/Cocos/WxMiniGames/MiniGameBallRouge/assets/scripts/framework/TimerManager.ts' costs: 31.80 ms
10:19:14.181 debug: Resolve file:///D:/Works/Cocos/WxMiniGames/MiniGameBallRouge/assets/scripts/framework/TypeFactory.ts from cce:/internal/x/prerequisite-imports as file:///D:/Works/Cocos/WxMiniGames/MiniGameBallRouge/assets/scripts/framework/TypeFactory.ts.
10:19:14.182 debug: Inspect file:///D:/Works/Cocos/WxMiniGames/MiniGameBallRouge/assets/scripts/framework/TypeFactory.ts
10:19:14.207 debug: transform url: 'file:///D:/Works/Cocos/WxMiniGames/MiniGameBallRouge/assets/scripts/framework/TypeFactory.ts' costs: 24.70 ms
10:19:14.209 debug: Resolve file:///D:/Works/Cocos/WxMiniGames/MiniGameBallRouge/assets/scripts/framework/TypeRegistry.ts from cce:/internal/x/prerequisite-imports as file:///D:/Works/Cocos/WxMiniGames/MiniGameBallRouge/assets/scripts/framework/TypeRegistry.ts.
10:19:14.209 debug: Inspect file:///D:/Works/Cocos/WxMiniGames/MiniGameBallRouge/assets/scripts/framework/TypeRegistry.ts
10:19:14.233 debug: transform url: 'file:///D:/Works/Cocos/WxMiniGames/MiniGameBallRouge/assets/scripts/framework/TypeRegistry.ts' costs: 24.20 ms
10:19:14.235 debug: Resolve cce:/internal/code-quality/cr.mjs from file:///C:/ProgramData/cocos/editors/Creator/3.8.8/resources/resources/3d/engine/editor/assets/default_renderpipeline/builtin-dof-pass.ts as cce:/internal/code-quality/cr.mjs.
10:19:14.235 debug: Detected change: cce:/internal/code-quality/cr.mjs. Last mtime: Thu Aug 20 2026 13:11:48 GMT+0800 (香港标准时间), Current mtime: Mon Sep 28 2026 10:19:02 GMT+0800 (香港标准时间)
10:19:14.235 debug: Inspect cce:/internal/code-quality/cr.mjs
10:19:14.245 debug: transform url: 'cce:/internal/code-quality/cr.mjs' costs: 9.80 ms
10:19:14.246 debug: Resolve cc from file:///C:/ProgramData/cocos/editors/Creator/3.8.8/resources/resources/3d/engine/editor/assets/default_renderpipeline/builtin-dof-pass.ts as cce:/internal/x/cc.
10:19:14.246 debug: Resolve cc from file:///C:/ProgramData/cocos/editors/Creator/3.8.8/resources/resources/3d/engine/editor/assets/default_renderpipeline/builtin-dof-pass.ts as cce:/internal/x/cc.
10:19:14.246 debug: Resolve cc from file:///C:/ProgramData/cocos/editors/Creator/3.8.8/resources/resources/3d/engine/editor/assets/default_renderpipeline/builtin-dof-pass.ts as cce:/internal/x/cc.
10:19:14.246 debug: Resolve cc/env from file:///C:/ProgramData/cocos/editors/Creator/3.8.8/resources/resources/3d/engine/editor/assets/default_renderpipeline/builtin-dof-pass.ts as external dependency cc/env.
10:19:14.247 debug: Resolve ./builtin-pipeline-settings from file:///C:/ProgramData/cocos/editors/Creator/3.8.8/resources/resources/3d/engine/editor/assets/default_renderpipeline/builtin-dof-pass.ts as file:///C:/ProgramData/cocos/editors/Creator/3.8.8/resources/resources/3d/engine/editor/assets/default_renderpipeline/builtin-pipeline-settings.ts.
10:19:14.248 debug: Resolve ./builtin-pipeline-pass from file:///C:/ProgramData/cocos/editors/Creator/3.8.8/resources/resources/3d/engine/editor/assets/default_renderpipeline/builtin-dof-pass.ts as file:///C:/ProgramData/cocos/editors/Creator/3.8.8/resources/resources/3d/engine/editor/assets/default_renderpipeline/builtin-pipeline-pass.ts.
10:19:14.249 debug: Resolve ./builtin-pipeline from file:///C:/ProgramData/cocos/editors/Creator/3.8.8/resources/resources/3d/engine/editor/assets/default_renderpipeline/builtin-dof-pass.ts as file:///C:/ProgramData/cocos/editors/Creator/3.8.8/resources/resources/3d/engine/editor/assets/default_renderpipeline/builtin-pipeline.ts.
10:19:14.249 debug: Resolve cce:/internal/code-quality/cr.mjs from file:///C:/ProgramData/cocos/editors/Creator/3.8.8/resources/resources/3d/engine/editor/assets/default_renderpipeline/builtin-pipeline-settings.ts as cce:/internal/code-quality/cr.mjs.
10:19:14.249 debug: Resolve cc from file:///C:/ProgramData/cocos/editors/Creator/3.8.8/resources/resources/3d/engine/editor/assets/default_renderpipeline/builtin-pipeline-settings.ts as cce:/internal/x/cc.
10:19:14.249 debug: Resolve cc from file:///C:/ProgramData/cocos/editors/Creator/3.8.8/resources/resources/3d/engine/editor/assets/default_renderpipeline/builtin-pipeline-settings.ts as cce:/internal/x/cc.
10:19:14.249 debug: Resolve cc from file:///C:/ProgramData/cocos/editors/Creator/3.8.8/resources/resources/3d/engine/editor/assets/default_renderpipeline/builtin-pipeline-settings.ts as cce:/internal/x/cc.
10:19:14.249 debug: Resolve cc/env from file:///C:/ProgramData/cocos/editors/Creator/3.8.8/resources/resources/3d/engine/editor/assets/default_renderpipeline/builtin-pipeline-settings.ts as external dependency cc/env.
10:19:14.250 debug: Resolve ./builtin-pipeline-types from file:///C:/ProgramData/cocos/editors/Creator/3.8.8/resources/resources/3d/engine/editor/assets/default_renderpipeline/builtin-pipeline-settings.ts as file:///C:/ProgramData/cocos/editors/Creator/3.8.8/resources/resources/3d/engine/editor/assets/default_renderpipeline/builtin-pipeline-types.ts.
10:19:14.250 debug: Resolve cc from file:///C:/ProgramData/cocos/editors/Creator/3.8.8/resources/resources/3d/engine/editor/assets/default_renderpipeline/builtin-pipeline-types.ts as cce:/internal/x/cc.
10:19:14.250 debug: Resolve cc from file:///C:/ProgramData/cocos/editors/Creator/3.8.8/resources/resources/3d/engine/editor/assets/default_renderpipeline/builtin-pipeline-types.ts as cce:/internal/x/cc.
10:19:14.250 debug: Resolve cc from file:///C:/ProgramData/cocos/editors/Creator/3.8.8/resources/resources/3d/engine/editor/assets/default_renderpipeline/builtin-pipeline-types.ts as cce:/internal/x/cc.
10:19:14.250 debug: Resolve cce:/internal/code-quality/cr.mjs from file:///C:/ProgramData/cocos/editors/Creator/3.8.8/resources/resources/3d/engine/editor/assets/default_renderpipeline/builtin-pipeline-pass.ts as cce:/internal/code-quality/cr.mjs.
10:19:14.250 debug: Resolve cc from file:///C:/ProgramData/cocos/editors/Creator/3.8.8/resources/resources/3d/engine/editor/assets/default_renderpipeline/builtin-pipeline-pass.ts as cce:/internal/x/cc.
10:19:14.250 debug: Resolve cc from file:///C:/ProgramData/cocos/editors/Creator/3.8.8/resources/resources/3d/engine/editor/assets/default_renderpipeline/builtin-pipeline-pass.ts as cce:/internal/x/cc.
10:19:14.250 debug: Resolve cc from file:///C:/ProgramData/cocos/editors/Creator/3.8.8/resources/resources/3d/engine/editor/assets/default_renderpipeline/builtin-pipeline-pass.ts as cce:/internal/x/cc.
10:19:14.251 debug: Resolve ./builtin-pipeline-settings from file:///C:/ProgramData/cocos/editors/Creator/3.8.8/resources/resources/3d/engine/editor/assets/default_renderpipeline/builtin-pipeline-pass.ts as file:///C:/ProgramData/cocos/editors/Creator/3.8.8/resources/resources/3d/engine/editor/assets/default_renderpipeline/builtin-pipeline-settings.ts.
10:19:14.251 debug: Resolve cc/env from file:///C:/ProgramData/cocos/editors/Creator/3.8.8/resources/resources/3d/engine/editor/assets/default_renderpipeline/builtin-pipeline-pass.ts as external dependency cc/env.
10:19:14.251 debug: Resolve cce:/internal/code-quality/cr.mjs from file:///C:/ProgramData/cocos/editors/Creator/3.8.8/resources/resources/3d/engine/editor/assets/default_renderpipeline/builtin-pipeline.ts as cce:/internal/code-quality/cr.mjs.
10:19:14.251 debug: Resolve cc from file:///C:/ProgramData/cocos/editors/Creator/3.8.8/resources/resources/3d/engine/editor/assets/default_renderpipeline/builtin-pipeline.ts as cce:/internal/x/cc.
10:19:14.251 debug: Resolve cc from file:///C:/ProgramData/cocos/editors/Creator/3.8.8/resources/resources/3d/engine/editor/assets/default_renderpipeline/builtin-pipeline.ts as cce:/internal/x/cc.
10:19:14.251 debug: Resolve cc from file:///C:/ProgramData/cocos/editors/Creator/3.8.8/resources/resources/3d/engine/editor/assets/default_renderpipeline/builtin-pipeline.ts as cce:/internal/x/cc.
10:19:14.251 debug: Resolve cc/env from file:///C:/ProgramData/cocos/editors/Creator/3.8.8/resources/resources/3d/engine/editor/assets/default_renderpipeline/builtin-pipeline.ts as external dependency cc/env.
10:19:14.252 debug: Resolve ./builtin-pipeline-types from file:///C:/ProgramData/cocos/editors/Creator/3.8.8/resources/resources/3d/engine/editor/assets/default_renderpipeline/builtin-pipeline.ts as file:///C:/ProgramData/cocos/editors/Creator/3.8.8/resources/resources/3d/engine/editor/assets/default_renderpipeline/builtin-pipeline-types.ts.
10:19:14.252 debug: Resolve cc from file:///C:/ProgramData/cocos/editors/Creator/3.8.8/resources/resources/3d/engine/editor/assets/tools/debug-view-runtime-control.ts as cce:/internal/x/cc.
10:19:14.252 debug: Resolve cc from file:///C:/ProgramData/cocos/editors/Creator/3.8.8/resources/resources/3d/engine/editor/assets/tools/debug-view-runtime-control.ts as cce:/internal/x/cc.
10:19:14.252 debug: Resolve cc from file:///C:/ProgramData/cocos/editors/Creator/3.8.8/resources/resources/3d/engine/editor/assets/tools/debug-view-runtime-control.ts as cce:/internal/x/cc.
10:19:14.253 debug: Resolve cce:/internal/code-quality/cr.mjs from file:///D:/Works/Cocos/WxMiniGames/MiniGameBallRouge/assets/scripts/Game/CommonGame/CommonGameEntry.ts as cce:/internal/code-quality/cr.mjs.
10:19:14.253 debug: Resolve cc from file:///D:/Works/Cocos/WxMiniGames/MiniGameBallRouge/assets/scripts/Game/CommonGame/CommonGameEntry.ts as cce:/internal/x/cc.
10:19:14.253 debug: Resolve ../../engine/ui/UIManager from file:///D:/Works/Cocos/WxMiniGames/MiniGameBallRouge/assets/scripts/Game/CommonGame/CommonGameEntry.ts as file:///D:/Works/Cocos/WxMiniGames/MiniGameBallRouge/assets/scripts/engine/ui/UIManager.ts.
10:19:14.254 debug: Resolve ./CommonUIConfig from file:///D:/Works/Cocos/WxMiniGames/MiniGameBallRouge/assets/scripts/Game/CommonGame/CommonGameEntry.ts as file:///D:/Works/Cocos/WxMiniGames/MiniGameBallRouge/assets/scripts/Game/CommonGame/CommonUIConfig.ts.
10:19:14.254 debug: Resolve cce:/internal/code-quality/cr.mjs from file:///D:/Works/Cocos/WxMiniGames/MiniGameBallRouge/assets/scripts/engine/ui/UIManager.ts as cce:/internal/code-quality/cr.mjs.
10:19:14.254 debug: Resolve cc from file:///D:/Works/Cocos/WxMiniGames/MiniGameBallRouge/assets/scripts/engine/ui/UIManager.ts as cce:/internal/x/cc.
10:19:14.254 debug: Resolve cc from file:///D:/Works/Cocos/WxMiniGames/MiniGameBallRouge/assets/scripts/engine/ui/UIManager.ts as cce:/internal/x/cc.
10:19:14.254 debug: Resolve cc from file:///D:/Works/Cocos/WxMiniGames/MiniGameBallRouge/assets/scripts/engine/ui/UIManager.ts as cce:/internal/x/cc.
10:19:14.255 debug: Resolve ../ResManager from file:///D:/Works/Cocos/WxMiniGames/MiniGameBallRouge/assets/scripts/engine/ui/UIManager.ts as file:///D:/Works/Cocos/WxMiniGames/MiniGameBallRouge/assets/scripts/engine/ResManager.ts.
10:19:14.255 debug: Resolve ./UIData from file:///D:/Works/Cocos/WxMiniGames/MiniGameBallRouge/assets/scripts/engine/ui/UIManager.ts as file:///D:/Works/Cocos/WxMiniGames/MiniGameBallRouge/assets/scripts/engine/ui/UIData.ts.
10:19:14.256 debug: Resolve ./UIBase from file:///D:/Works/Cocos/WxMiniGames/MiniGameBallRouge/assets/scripts/engine/ui/UIManager.ts as file:///D:/Works/Cocos/WxMiniGames/MiniGameBallRouge/assets/scripts/engine/ui/UIBase.ts.
10:19:14.256 debug: Resolve cc from file:///D:/Works/Cocos/WxMiniGames/MiniGameBallRouge/assets/scripts/engine/ResManager.ts as cce:/internal/x/cc.
10:19:14.256 debug: Resolve cc from file:///D:/Works/Cocos/WxMiniGames/MiniGameBallRouge/assets/scripts/engine/ResManager.ts as cce:/internal/x/cc.
10:19:14.256 debug: Resolve cc from file:///D:/Works/Cocos/WxMiniGames/MiniGameBallRouge/assets/scripts/engine/ResManager.ts as cce:/internal/x/cc.
10:19:14.256 debug: Resolve cce:/internal/code-quality/cr.mjs from file:///D:/Works/Cocos/WxMiniGames/MiniGameBallRouge/assets/scripts/engine/ui/UIData.ts as cce:/internal/code-quality/cr.mjs.
10:19:14.256 debug: Resolve cc from file:///D:/Works/Cocos/WxMiniGames/MiniGameBallRouge/assets/scripts/engine/ui/UIData.ts as cce:/internal/x/cc.
10:19:14.256 debug: Resolve cc from file:///D:/Works/Cocos/WxMiniGames/MiniGameBallRouge/assets/scripts/engine/ui/UIData.ts as cce:/internal/x/cc.
10:19:14.256 debug: Resolve cc from file:///D:/Works/Cocos/WxMiniGames/MiniGameBallRouge/assets/scripts/engine/ui/UIData.ts as cce:/internal/x/cc.
10:19:14.257 debug: Resolve ../ResManager from file:///D:/Works/Cocos/WxMiniGames/MiniGameBallRouge/assets/scripts/engine/ui/UIData.ts as file:///D:/Works/Cocos/WxMiniGames/MiniGameBallRouge/assets/scripts/engine/ResManager.ts.
10:19:14.257 debug: Resolve cce:/internal/code-quality/cr.mjs from file:///D:/Works/Cocos/WxMiniGames/MiniGameBallRouge/assets/scripts/engine/ui/UIBase.ts as cce:/internal/code-quality/cr.mjs.
10:19:14.257 debug: Resolve cc from file:///D:/Works/Cocos/WxMiniGames/MiniGameBallRouge/assets/scripts/engine/ui/UIBase.ts as cce:/internal/x/cc.
10:19:14.257 debug: Resolve cc from file:///D:/Works/Cocos/WxMiniGames/MiniGameBallRouge/assets/scripts/engine/ui/UIBase.ts as cce:/internal/x/cc.
10:19:14.257 debug: Resolve cc from file:///D:/Works/Cocos/WxMiniGames/MiniGameBallRouge/assets/scripts/engine/ui/UIBase.ts as cce:/internal/x/cc.
10:19:14.258 debug: Resolve ../AudioManager from file:///D:/Works/Cocos/WxMiniGames/MiniGameBallRouge/assets/scripts/engine/ui/UIBase.ts as file:///D:/Works/Cocos/WxMiniGames/MiniGameBallRouge/assets/scripts/engine/AudioManager.ts.
10:19:14.259 debug: Resolve ./UIManager from file:///D:/Works/Cocos/WxMiniGames/MiniGameBallRouge/assets/scripts/engine/ui/UIBase.ts as file:///D:/Works/Cocos/WxMiniGames/MiniGameBallRouge/assets/scripts/engine/ui/UIManager.ts.
10:19:14.259 debug: Resolve cc from file:///D:/Works/Cocos/WxMiniGames/MiniGameBallRouge/assets/scripts/engine/AudioManager.ts as cce:/internal/x/cc.
10:19:14.259 debug: Resolve cc from file:///D:/Works/Cocos/WxMiniGames/MiniGameBallRouge/assets/scripts/engine/AudioManager.ts as cce:/internal/x/cc.
10:19:14.259 debug: Resolve cc from file:///D:/Works/Cocos/WxMiniGames/MiniGameBallRouge/assets/scripts/engine/AudioManager.ts as cce:/internal/x/cc.
10:19:14.259 debug: Resolve cce:/internal/code-quality/cr.mjs from file:///D:/Works/Cocos/WxMiniGames/MiniGameBallRouge/assets/scripts/Game/CommonGame/CommonUIConfig.ts as cce:/internal/code-quality/cr.mjs.
10:19:14.259 debug: Resolve cc from file:///D:/Works/Cocos/WxMiniGames/MiniGameBallRouge/assets/scripts/Game/CommonGame/CommonUIConfig.ts as cce:/internal/x/cc.
10:19:14.260 debug: Resolve ../../engine/ui/UIData from file:///D:/Works/Cocos/WxMiniGames/MiniGameBallRouge/assets/scripts/Game/CommonGame/CommonUIConfig.ts as file:///D:/Works/Cocos/WxMiniGames/MiniGameBallRouge/assets/scripts/engine/ui/UIData.ts.
10:19:14.260 debug: Resolve cce:/internal/code-quality/cr.mjs from file:///D:/Works/Cocos/WxMiniGames/MiniGameBallRouge/assets/scripts/Game/CommonGame/CommonGameProgress.ts as cce:/internal/code-quality/cr.mjs.
10:19:14.260 debug: Resolve cc from file:///D:/Works/Cocos/WxMiniGames/MiniGameBallRouge/assets/scripts/Game/CommonGame/CommonGameProgress.ts as cce:/internal/x/cc.
10:19:14.260 debug: Resolve ../../framework/StorageManager from file:///D:/Works/Cocos/WxMiniGames/MiniGameBallRouge/assets/scripts/Game/CommonGame/CommonGameProgress.ts as file:///D:/Works/Cocos/WxMiniGames/MiniGameBallRouge/assets/scripts/framework/StorageManager.ts.
10:19:14.261 debug: Resolve cc from file:///D:/Works/Cocos/WxMiniGames/MiniGameBallRouge/assets/scripts/framework/StorageManager.ts as cce:/internal/x/cc.
10:19:14.261 debug: Resolve cce:/internal/code-quality/cr.mjs from file:///D:/Works/Cocos/WxMiniGames/MiniGameBallRouge/assets/scripts/Game/CommonGame/shader/PixelMonsterSprite.ts as cce:/internal/code-quality/cr.mjs.
10:19:14.261 debug: Resolve cc from file:///D:/Works/Cocos/WxMiniGames/MiniGameBallRouge/assets/scripts/Game/CommonGame/shader/PixelMonsterSprite.ts as cce:/internal/x/cc.
10:19:14.261 debug: Resolve cc from file:///D:/Works/Cocos/WxMiniGames/MiniGameBallRouge/assets/scripts/Game/CommonGame/shader/PixelMonsterSprite.ts as cce:/internal/x/cc.
10:19:14.261 debug: Resolve cc from file:///D:/Works/Cocos/WxMiniGames/MiniGameBallRouge/assets/scripts/Game/CommonGame/shader/PixelMonsterSprite.ts as cce:/internal/x/cc.
10:19:14.262 debug: Resolve ../../../engine/ResManager from file:///D:/Works/Cocos/WxMiniGames/MiniGameBallRouge/assets/scripts/Game/CommonGame/shader/PixelMonsterSprite.ts as file:///D:/Works/Cocos/WxMiniGames/MiniGameBallRouge/assets/scripts/engine/ResManager.ts.
10:19:14.262 debug: Resolve ../CommonUIConfig from file:///D:/Works/Cocos/WxMiniGames/MiniGameBallRouge/assets/scripts/Game/CommonGame/shader/PixelMonsterSprite.ts as file:///D:/Works/Cocos/WxMiniGames/MiniGameBallRouge/assets/scripts/Game/CommonGame/CommonUIConfig.ts.
10:19:14.262 debug: Resolve cce:/internal/code-quality/cr.mjs from file:///D:/Works/Cocos/WxMiniGames/MiniGameBallRouge/assets/scripts/Game/CommonGame/ui/AdPanel.ts as cce:/internal/code-quality/cr.mjs.
10:19:14.262 debug: Resolve cc from file:///D:/Works/Cocos/WxMiniGames/MiniGameBallRouge/assets/scripts/Game/CommonGame/ui/AdPanel.ts as cce:/internal/x/cc.
10:19:14.263 debug: Resolve cc from file:///D:/Works/Cocos/WxMiniGames/MiniGameBallRouge/assets/scripts/Game/CommonGame/ui/AdPanel.ts as cce:/internal/x/cc.
10:19:14.263 debug: Resolve cc from file:///D:/Works/Cocos/WxMiniGames/MiniGameBallRouge/assets/scripts/Game/CommonGame/ui/AdPanel.ts as cce:/internal/x/cc.
10:19:14.263 debug: Resolve ../../../engine/AdManager from file:///D:/Works/Cocos/WxMiniGames/MiniGameBallRouge/assets/scripts/Game/CommonGame/ui/AdPanel.ts as file:///D:/Works/Cocos/WxMiniGames/MiniGameBallRouge/assets/scripts/engine/AdManager.ts.
10:19:14.264 debug: Resolve ../../../engine/PlatformManager from file:///D:/Works/Cocos/WxMiniGames/MiniGameBallRouge/assets/scripts/Game/CommonGame/ui/AdPanel.ts as file:///D:/Works/Cocos/WxMiniGames/MiniGameBallRouge/assets/scripts/engine/PlatformManager.ts.
10:19:14.265 debug: Resolve ../../../engine/ui/UIBase from file:///D:/Works/Cocos/WxMiniGames/MiniGameBallRouge/assets/scripts/Game/CommonGame/ui/AdPanel.ts as file:///D:/Works/Cocos/WxMiniGames/MiniGameBallRouge/assets/scripts/engine/ui/UIBase.ts.
10:19:14.265 debug: Resolve cc from file:///D:/Works/Cocos/WxMiniGames/MiniGameBallRouge/assets/scripts/engine/AdManager.ts as cce:/internal/x/cc.
10:19:14.265 debug: Resolve cc from file:///D:/Works/Cocos/WxMiniGames/MiniGameBallRouge/assets/scripts/engine/AdManager.ts as cce:/internal/x/cc.
10:19:14.265 debug: Resolve cc from file:///D:/Works/Cocos/WxMiniGames/MiniGameBallRouge/assets/scripts/engine/AdManager.ts as cce:/internal/x/cc.
10:19:14.265 debug: Resolve cc from file:///D:/Works/Cocos/WxMiniGames/MiniGameBallRouge/assets/scripts/engine/PlatformManager.ts as cce:/internal/x/cc.
10:19:14.265 debug: Resolve cc from file:///D:/Works/Cocos/WxMiniGames/MiniGameBallRouge/assets/scripts/engine/PlatformManager.ts as cce:/internal/x/cc.
10:19:14.265 debug: Resolve cc from file:///D:/Works/Cocos/WxMiniGames/MiniGameBallRouge/assets/scripts/engine/PlatformManager.ts as cce:/internal/x/cc.
10:19:14.265 debug: Resolve cce:/internal/code-quality/cr.mjs from file:///D:/Works/Cocos/WxMiniGames/MiniGameBallRouge/assets/scripts/Game/CommonGame/ui/GamePanel.ts as cce:/internal/code-quality/cr.mjs.
10:19:14.265 debug: Resolve cc from file:///D:/Works/Cocos/WxMiniGames/MiniGameBallRouge/assets/scripts/Game/CommonGame/ui/GamePanel.ts as cce:/internal/x/cc.
10:19:14.265 debug: Resolve cc from file:///D:/Works/Cocos/WxMiniGames/MiniGameBallRouge/assets/scripts/Game/CommonGame/ui/GamePanel.ts as cce:/internal/x/cc.
10:19:14.265 debug: Resolve cc from file:///D:/Works/Cocos/WxMiniGames/MiniGameBallRouge/assets/scripts/Game/CommonGame/ui/GamePanel.ts as cce:/internal/x/cc.
10:19:14.266 debug: Resolve ../../../engine/AudioManager from file:///D:/Works/Cocos/WxMiniGames/MiniGameBallRouge/assets/scripts/Game/CommonGame/ui/GamePanel.ts as file:///D:/Works/Cocos/WxMiniGames/MiniGameBallRouge/assets/scripts/engine/AudioManager.ts.
10:19:14.319 debug: Resolve ../../../engine/PlatformManager from file:///D:/Works/Cocos/WxMiniGames/MiniGameBallRouge/assets/scripts/Game/CommonGame/ui/GamePanel.ts as file:///D:/Works/Cocos/WxMiniGames/MiniGameBallRouge/assets/scripts/engine/PlatformManager.ts.
10:19:14.319 debug: Resolve ../../../engine/ResManager from file:///D:/Works/Cocos/WxMiniGames/MiniGameBallRouge/assets/scripts/Game/CommonGame/ui/GamePanel.ts as file:///D:/Works/Cocos/WxMiniGames/MiniGameBallRouge/assets/scripts/engine/ResManager.ts.
10:19:14.319 debug: Resolve ../../../engine/ui/UIBase from file:///D:/Works/Cocos/WxMiniGames/MiniGameBallRouge/assets/scripts/Game/CommonGame/ui/GamePanel.ts as file:///D:/Works/Cocos/WxMiniGames/MiniGameBallRouge/assets/scripts/engine/ui/UIBase.ts.
10:19:14.319 debug: Resolve ../../../engine/ui/UIManager from file:///D:/Works/Cocos/WxMiniGames/MiniGameBallRouge/assets/scripts/Game/CommonGame/ui/GamePanel.ts as file:///D:/Works/Cocos/WxMiniGames/MiniGameBallRouge/assets/scripts/engine/ui/UIManager.ts.
10:19:14.319 debug: Resolve ../CommonGameProgress from file:///D:/Works/Cocos/WxMiniGames/MiniGameBallRouge/assets/scripts/Game/CommonGame/ui/GamePanel.ts as file:///D:/Works/Cocos/WxMiniGames/MiniGameBallRouge/assets/scripts/Game/CommonGame/CommonGameProgress.ts.
10:19:14.319 debug: Resolve ../CommonUIConfig from file:///D:/Works/Cocos/WxMiniGames/MiniGameBallRouge/assets/scripts/Game/CommonGame/ui/GamePanel.ts as file:///D:/Works/Cocos/WxMiniGames/MiniGameBallRouge/assets/scripts/Game/CommonGame/CommonUIConfig.ts.
10:19:14.319 debug: Resolve cce:/internal/code-quality/cr.mjs from file:///D:/Works/Cocos/WxMiniGames/MiniGameBallRouge/assets/scripts/Game/CommonGame/ui/LoadingPanel.ts as cce:/internal/code-quality/cr.mjs.
10:19:14.319 debug: Resolve cc from file:///D:/Works/Cocos/WxMiniGames/MiniGameBallRouge/assets/scripts/Game/CommonGame/ui/LoadingPanel.ts as cce:/internal/x/cc.
10:19:14.319 debug: Resolve cc from file:///D:/Works/Cocos/WxMiniGames/MiniGameBallRouge/assets/scripts/Game/CommonGame/ui/LoadingPanel.ts as cce:/internal/x/cc.
10:19:14.319 debug: Resolve cc from file:///D:/Works/Cocos/WxMiniGames/MiniGameBallRouge/assets/scripts/Game/CommonGame/ui/LoadingPanel.ts as cce:/internal/x/cc.
10:19:14.319 debug: Resolve ../../../engine/ResManager from file:///D:/Works/Cocos/WxMiniGames/MiniGameBallRouge/assets/scripts/Game/CommonGame/ui/LoadingPanel.ts as file:///D:/Works/Cocos/WxMiniGames/MiniGameBallRouge/assets/scripts/engine/ResManager.ts.
10:19:14.319 debug: Resolve ../../../engine/ui/UIBase from file:///D:/Works/Cocos/WxMiniGames/MiniGameBallRouge/assets/scripts/Game/CommonGame/ui/LoadingPanel.ts as file:///D:/Works/Cocos/WxMiniGames/MiniGameBallRouge/assets/scripts/engine/ui/UIBase.ts.
10:19:14.319 debug: Resolve ../../../engine/ui/UIManager from file:///D:/Works/Cocos/WxMiniGames/MiniGameBallRouge/assets/scripts/Game/CommonGame/ui/LoadingPanel.ts as file:///D:/Works/Cocos/WxMiniGames/MiniGameBallRouge/assets/scripts/engine/ui/UIManager.ts.
10:19:14.319 debug: Resolve ../../../framework/FrameworkConst from file:///D:/Works/Cocos/WxMiniGames/MiniGameBallRouge/assets/scripts/Game/CommonGame/ui/LoadingPanel.ts as file:///D:/Works/Cocos/WxMiniGames/MiniGameBallRouge/assets/scripts/framework/FrameworkConst.ts.
10:19:14.319 debug: Resolve ../CommonUIConfig from file:///D:/Works/Cocos/WxMiniGames/MiniGameBallRouge/assets/scripts/Game/CommonGame/ui/LoadingPanel.ts as file:///D:/Works/Cocos/WxMiniGames/MiniGameBallRouge/assets/scripts/Game/CommonGame/CommonUIConfig.ts.
10:19:14.319 debug: Resolve cc from file:///D:/Works/Cocos/WxMiniGames/MiniGameBallRouge/assets/scripts/framework/FrameworkConst.ts as cce:/internal/x/cc.
10:19:14.319 debug: Resolve cce:/internal/code-quality/cr.mjs from file:///D:/Works/Cocos/WxMiniGames/MiniGameBallRouge/assets/scripts/Game/CommonGame/ui/LoginPanel.ts as cce:/internal/code-quality/cr.mjs.
10:19:14.319 debug: Resolve cc from file:///D:/Works/Cocos/WxMiniGames/MiniGameBallRouge/assets/scripts/Game/CommonGame/ui/LoginPanel.ts as cce:/internal/x/cc.
10:19:14.319 debug: Resolve cc from file:///D:/Works/Cocos/WxMiniGames/MiniGameBallRouge/assets/scripts/Game/CommonGame/ui/LoginPanel.ts as cce:/internal/x/cc.
10:19:14.319 debug: Resolve cc from file:///D:/Works/Cocos/WxMiniGames/MiniGameBallRouge/assets/scripts/Game/CommonGame/ui/LoginPanel.ts as cce:/internal/x/cc.
10:19:14.319 debug: Resolve ../../../engine/PlatformManager from file:///D:/Works/Cocos/WxMiniGames/MiniGameBallRouge/assets/scripts/Game/CommonGame/ui/LoginPanel.ts as file:///D:/Works/Cocos/WxMiniGames/MiniGameBallRouge/assets/scripts/engine/PlatformManager.ts.
10:19:14.319 debug: Resolve ../../../engine/ResManager from file:///D:/Works/Cocos/WxMiniGames/MiniGameBallRouge/assets/scripts/Game/CommonGame/ui/LoginPanel.ts as file:///D:/Works/Cocos/WxMiniGames/MiniGameBallRouge/assets/scripts/engine/ResManager.ts.
10:19:14.319 debug: Resolve ../../../engine/ui/UIBase from file:///D:/Works/Cocos/WxMiniGames/MiniGameBallRouge/assets/scripts/Game/CommonGame/ui/LoginPanel.ts as file:///D:/Works/Cocos/WxMiniGames/MiniGameBallRouge/assets/scripts/engine/ui/UIBase.ts.
10:19:14.319 debug: Resolve ../../../engine/ui/UIManager from file:///D:/Works/Cocos/WxMiniGames/MiniGameBallRouge/assets/scripts/Game/CommonGame/ui/LoginPanel.ts as file:///D:/Works/Cocos/WxMiniGames/MiniGameBallRouge/assets/scripts/engine/ui/UIManager.ts.
10:19:14.319 debug: Resolve ../../../framework/FrameworkConst from file:///D:/Works/Cocos/WxMiniGames/MiniGameBallRouge/assets/scripts/Game/CommonGame/ui/LoginPanel.ts as file:///D:/Works/Cocos/WxMiniGames/MiniGameBallRouge/assets/scripts/framework/FrameworkConst.ts.
10:19:14.320 debug: Resolve ../CommonUIConfig from file:///D:/Works/Cocos/WxMiniGames/MiniGameBallRouge/assets/scripts/Game/CommonGame/ui/LoginPanel.ts as file:///D:/Works/Cocos/WxMiniGames/MiniGameBallRouge/assets/scripts/Game/CommonGame/CommonUIConfig.ts.
10:19:14.320 debug: Resolve cce:/internal/code-quality/cr.mjs from file:///D:/Works/Cocos/WxMiniGames/MiniGameBallRouge/assets/scripts/Game/CommonGame/ui/MainPage.ts as cce:/internal/code-quality/cr.mjs.
10:19:14.320 debug: Resolve cc from file:///D:/Works/Cocos/WxMiniGames/MiniGameBallRouge/assets/scripts/Game/CommonGame/ui/MainPage.ts as cce:/internal/x/cc.
10:19:14.320 debug: Resolve cc from file:///D:/Works/Cocos/WxMiniGames/MiniGameBallRouge/assets/scripts/Game/CommonGame/ui/MainPage.ts as cce:/internal/x/cc.
10:19:14.320 debug: Resolve cc from file:///D:/Works/Cocos/WxMiniGames/MiniGameBallRouge/assets/scripts/Game/CommonGame/ui/MainPage.ts as cce:/internal/x/cc.
10:19:14.320 debug: Resolve ../../../engine/PlatformManager from file:///D:/Works/Cocos/WxMiniGames/MiniGameBallRouge/assets/scripts/Game/CommonGame/ui/MainPage.ts as file:///D:/Works/Cocos/WxMiniGames/MiniGameBallRouge/assets/scripts/engine/PlatformManager.ts.
10:19:14.320 debug: Resolve ../../../engine/ui/UIBase from file:///D:/Works/Cocos/WxMiniGames/MiniGameBallRouge/assets/scripts/Game/CommonGame/ui/MainPage.ts as file:///D:/Works/Cocos/WxMiniGames/MiniGameBallRouge/assets/scripts/engine/ui/UIBase.ts.
10:19:14.320 debug: Resolve ../../../engine/ui/UIManager from file:///D:/Works/Cocos/WxMiniGames/MiniGameBallRouge/assets/scripts/Game/CommonGame/ui/MainPage.ts as file:///D:/Works/Cocos/WxMiniGames/MiniGameBallRouge/assets/scripts/engine/ui/UIManager.ts.
10:19:14.320 debug: Resolve ../CommonGameProgress from file:///D:/Works/Cocos/WxMiniGames/MiniGameBallRouge/assets/scripts/Game/CommonGame/ui/MainPage.ts as file:///D:/Works/Cocos/WxMiniGames/MiniGameBallRouge/assets/scripts/Game/CommonGame/CommonGameProgress.ts.
10:19:14.320 debug: Resolve ../CommonUIConfig from file:///D:/Works/Cocos/WxMiniGames/MiniGameBallRouge/assets/scripts/Game/CommonGame/ui/MainPage.ts as file:///D:/Works/Cocos/WxMiniGames/MiniGameBallRouge/assets/scripts/Game/CommonGame/CommonUIConfig.ts.
10:19:14.320 debug: Resolve cce:/internal/code-quality/cr.mjs from file:///D:/Works/Cocos/WxMiniGames/MiniGameBallRouge/assets/scripts/Game/CommonGame/ui/MainPanel.ts as cce:/internal/code-quality/cr.mjs.
10:19:14.320 debug: Resolve cc from file:///D:/Works/Cocos/WxMiniGames/MiniGameBallRouge/assets/scripts/Game/CommonGame/ui/MainPanel.ts as cce:/internal/x/cc.
10:19:14.320 debug: Resolve cc from file:///D:/Works/Cocos/WxMiniGames/MiniGameBallRouge/assets/scripts/Game/CommonGame/ui/MainPanel.ts as cce:/internal/x/cc.
10:19:14.320 debug: Resolve cc from file:///D:/Works/Cocos/WxMiniGames/MiniGameBallRouge/assets/scripts/Game/CommonGame/ui/MainPanel.ts as cce:/internal/x/cc.
10:19:14.320 debug: Resolve ../../../engine/ui/UIBase from file:///D:/Works/Cocos/WxMiniGames/MiniGameBallRouge/assets/scripts/Game/CommonGame/ui/MainPanel.ts as file:///D:/Works/Cocos/WxMiniGames/MiniGameBallRouge/assets/scripts/engine/ui/UIBase.ts.
10:19:14.320 debug: Resolve ../../../framework/FrameworkConst from file:///D:/Works/Cocos/WxMiniGames/MiniGameBallRouge/assets/scripts/Game/CommonGame/ui/MainPanel.ts as file:///D:/Works/Cocos/WxMiniGames/MiniGameBallRouge/assets/scripts/framework/FrameworkConst.ts.
10:19:14.320 debug: Resolve cce:/internal/code-quality/cr.mjs from file:///D:/Works/Cocos/WxMiniGames/MiniGameBallRouge/assets/scripts/Game/CommonGame/ui/PausePanel.ts as cce:/internal/code-quality/cr.mjs.
10:19:14.320 debug: Resolve cc from file:///D:/Works/Cocos/WxMiniGames/MiniGameBallRouge/assets/scripts/Game/CommonGame/ui/PausePanel.ts as cce:/internal/x/cc.
10:19:14.320 debug: Resolve cc from file:///D:/Works/Cocos/WxMiniGames/MiniGameBallRouge/assets/scripts/Game/CommonGame/ui/PausePanel.ts as cce:/internal/x/cc.
10:19:14.320 debug: Resolve cc from file:///D:/Works/Cocos/WxMiniGames/MiniGameBallRouge/assets/scripts/Game/CommonGame/ui/PausePanel.ts as cce:/internal/x/cc.
10:19:14.320 debug: Resolve ../../../engine/ui/UIBase from file:///D:/Works/Cocos/WxMiniGames/MiniGameBallRouge/assets/scripts/Game/CommonGame/ui/PausePanel.ts as file:///D:/Works/Cocos/WxMiniGames/MiniGameBallRouge/assets/scripts/engine/ui/UIBase.ts.
10:19:14.320 debug: Resolve ../../../engine/ui/UIManager from file:///D:/Works/Cocos/WxMiniGames/MiniGameBallRouge/assets/scripts/Game/CommonGame/ui/PausePanel.ts as file:///D:/Works/Cocos/WxMiniGames/MiniGameBallRouge/assets/scripts/engine/ui/UIManager.ts.
10:19:14.320 debug: Resolve ../CommonUIConfig from file:///D:/Works/Cocos/WxMiniGames/MiniGameBallRouge/assets/scripts/Game/CommonGame/ui/PausePanel.ts as file:///D:/Works/Cocos/WxMiniGames/MiniGameBallRouge/assets/scripts/Game/CommonGame/CommonUIConfig.ts.
10:19:14.320 debug: Resolve cce:/internal/code-quality/cr.mjs from file:///D:/Works/Cocos/WxMiniGames/MiniGameBallRouge/assets/scripts/Game/CommonGame/ui/RankPanel.ts as cce:/internal/code-quality/cr.mjs.
10:19:14.320 debug: Resolve cc from file:///D:/Works/Cocos/WxMiniGames/MiniGameBallRouge/assets/scripts/Game/CommonGame/ui/RankPanel.ts as cce:/internal/x/cc.
10:19:14.320 debug: Resolve cc from file:///D:/Works/Cocos/WxMiniGames/MiniGameBallRouge/assets/scripts/Game/CommonGame/ui/RankPanel.ts as cce:/internal/x/cc.
10:19:14.320 debug: Resolve cc from file:///D:/Works/Cocos/WxMiniGames/MiniGameBallRouge/assets/scripts/Game/CommonGame/ui/RankPanel.ts as cce:/internal/x/cc.
10:19:14.320 debug: Resolve ../../../engine/PlatformManager from file:///D:/Works/Cocos/WxMiniGames/MiniGameBallRouge/assets/scripts/Game/CommonGame/ui/RankPanel.ts as file:///D:/Works/Cocos/WxMiniGames/MiniGameBallRouge/assets/scripts/engine/PlatformManager.ts.
10:19:14.320 debug: Resolve ../../../engine/ui/UIBase from file:///D:/Works/Cocos/WxMiniGames/MiniGameBallRouge/assets/scripts/Game/CommonGame/ui/RankPanel.ts as file:///D:/Works/Cocos/WxMiniGames/MiniGameBallRouge/assets/scripts/engine/ui/UIBase.ts.
10:19:14.320 debug: Resolve cce:/internal/code-quality/cr.mjs from file:///D:/Works/Cocos/WxMiniGames/MiniGameBallRouge/assets/scripts/Game/CommonGame/ui/TransitionPanel.ts as cce:/internal/code-quality/cr.mjs.
10:19:14.320 debug: Resolve cc from file:///D:/Works/Cocos/WxMiniGames/MiniGameBallRouge/assets/scripts/Game/CommonGame/ui/TransitionPanel.ts as cce:/internal/x/cc.
10:19:14.320 debug: Resolve cc from file:///D:/Works/Cocos/WxMiniGames/MiniGameBallRouge/assets/scripts/Game/CommonGame/ui/TransitionPanel.ts as cce:/internal/x/cc.
10:19:14.320 debug: Resolve cc from file:///D:/Works/Cocos/WxMiniGames/MiniGameBallRouge/assets/scripts/Game/CommonGame/ui/TransitionPanel.ts as cce:/internal/x/cc.
10:19:14.320 debug: Resolve ../../../engine/ui/UIBase from file:///D:/Works/Cocos/WxMiniGames/MiniGameBallRouge/assets/scripts/Game/CommonGame/ui/TransitionPanel.ts as file:///D:/Works/Cocos/WxMiniGames/MiniGameBallRouge/assets/scripts/engine/ui/UIBase.ts.
10:19:14.320 debug: Resolve ../../../engine/ui/UIManager from file:///D:/Works/Cocos/WxMiniGames/MiniGameBallRouge/assets/scripts/Game/CommonGame/ui/TransitionPanel.ts as file:///D:/Works/Cocos/WxMiniGames/MiniGameBallRouge/assets/scripts/engine/ui/UIManager.ts.
10:19:14.320 debug: Resolve ../CommonUIConfig from file:///D:/Works/Cocos/WxMiniGames/MiniGameBallRouge/assets/scripts/Game/CommonGame/ui/TransitionPanel.ts as file:///D:/Works/Cocos/WxMiniGames/MiniGameBallRouge/assets/scripts/Game/CommonGame/CommonUIConfig.ts.
10:19:14.320 debug: Resolve cc from file:///D:/Works/Cocos/WxMiniGames/MiniGameBallRouge/assets/scripts/engine/ConfigManager.ts as cce:/internal/x/cc.
10:19:14.320 debug: Resolve cc from file:///D:/Works/Cocos/WxMiniGames/MiniGameBallRouge/assets/scripts/engine/FlatBuffersRuntime.ts as cce:/internal/x/cc.
10:19:14.320 debug: Resolve cc from file:///D:/Works/Cocos/WxMiniGames/MiniGameBallRouge/assets/scripts/engine/FlatBuffersRuntime.ts as cce:/internal/x/cc.
10:19:14.320 debug: Resolve cc from file:///D:/Works/Cocos/WxMiniGames/MiniGameBallRouge/assets/scripts/engine/FlatBuffersRuntime.ts as cce:/internal/x/cc.
10:19:14.320 debug: Resolve cce:/internal/code-quality/cr.mjs from file:///D:/Works/Cocos/WxMiniGames/MiniGameBallRouge/assets/scripts/engine/GameManager.ts as cce:/internal/code-quality/cr.mjs.
10:19:14.321 debug: Resolve cc from file:///D:/Works/Cocos/WxMiniGames/MiniGameBallRouge/assets/scripts/engine/GameManager.ts as cce:/internal/x/cc.
10:19:14.321 debug: Resolve cc from file:///D:/Works/Cocos/WxMiniGames/MiniGameBallRouge/assets/scripts/engine/GameManager.ts as cce:/internal/x/cc.
10:19:14.321 debug: Resolve cc from file:///D:/Works/Cocos/WxMiniGames/MiniGameBallRouge/assets/scripts/engine/GameManager.ts as cce:/internal/x/cc.
10:19:14.321 debug: Resolve ./ui/UIManager from file:///D:/Works/Cocos/WxMiniGames/MiniGameBallRouge/assets/scripts/engine/GameManager.ts as file:///D:/Works/Cocos/WxMiniGames/MiniGameBallRouge/assets/scripts/engine/ui/UIManager.ts.
10:19:14.321 debug: Resolve ./AudioManager from file:///D:/Works/Cocos/WxMiniGames/MiniGameBallRouge/assets/scripts/engine/GameManager.ts as file:///D:/Works/Cocos/WxMiniGames/MiniGameBallRouge/assets/scripts/engine/AudioManager.ts.
10:19:14.321 debug: Resolve ./ResManager from file:///D:/Works/Cocos/WxMiniGames/MiniGameBallRouge/assets/scripts/engine/GameManager.ts as file:///D:/Works/Cocos/WxMiniGames/MiniGameBallRouge/assets/scripts/engine/ResManager.ts.
10:19:14.321 debug: Resolve ./NodePool from file:///D:/Works/Cocos/WxMiniGames/MiniGameBallRouge/assets/scripts/engine/GameManager.ts as file:///D:/Works/Cocos/WxMiniGames/MiniGameBallRouge/assets/scripts/engine/NodePool.ts.
10:19:14.321 debug: Resolve ./ConfigManager from file:///D:/Works/Cocos/WxMiniGames/MiniGameBallRouge/assets/scripts/engine/GameManager.ts as file:///D:/Works/Cocos/WxMiniGames/MiniGameBallRouge/assets/scripts/engine/ConfigManager.ts.
10:19:14.321 debug: Resolve ./FlatBuffersRuntime from file:///D:/Works/Cocos/WxMiniGames/MiniGameBallRouge/assets/scripts/engine/GameManager.ts as file:///D:/Works/Cocos/WxMiniGames/MiniGameBallRouge/assets/scripts/engine/FlatBuffersRuntime.ts.
10:19:14.321 debug: Resolve ./AdManager from file:///D:/Works/Cocos/WxMiniGames/MiniGameBallRouge/assets/scripts/engine/GameManager.ts as file:///D:/Works/Cocos/WxMiniGames/MiniGameBallRouge/assets/scripts/engine/AdManager.ts.
10:19:14.321 debug: Resolve ../framework/TimerManager from file:///D:/Works/Cocos/WxMiniGames/MiniGameBallRouge/assets/scripts/engine/GameManager.ts as file:///D:/Works/Cocos/WxMiniGames/MiniGameBallRouge/assets/scripts/framework/TimerManager.ts.
10:19:14.325 debug: Resolve ../framework/StorageManager from file:///D:/Works/Cocos/WxMiniGames/MiniGameBallRouge/assets/scripts/engine/GameManager.ts as file:///D:/Works/Cocos/WxMiniGames/MiniGameBallRouge/assets/scripts/framework/StorageManager.ts.
10:19:14.325 debug: Resolve ../framework/ObjectPool from file:///D:/Works/Cocos/WxMiniGames/MiniGameBallRouge/assets/scripts/engine/GameManager.ts as file:///D:/Works/Cocos/WxMiniGames/MiniGameBallRouge/assets/scripts/framework/ObjectPool.ts.
10:19:14.325 debug: Resolve ../framework/EventManager from file:///D:/Works/Cocos/WxMiniGames/MiniGameBallRouge/assets/scripts/engine/GameManager.ts as file:///D:/Works/Cocos/WxMiniGames/MiniGameBallRouge/assets/scripts/framework/EventManager.ts.
10:19:14.325 debug: Resolve ../framework/FrameworkEvent from file:///D:/Works/Cocos/WxMiniGames/MiniGameBallRouge/assets/scripts/engine/GameManager.ts as file:///D:/Works/Cocos/WxMiniGames/MiniGameBallRouge/assets/scripts/framework/FrameworkEvent.ts.
10:19:14.326 debug: Resolve cc from file:///D:/Works/Cocos/WxMiniGames/MiniGameBallRouge/assets/scripts/engine/NodePool.ts as cce:/internal/x/cc.
10:19:14.326 debug: Resolve cc from file:///D:/Works/Cocos/WxMiniGames/MiniGameBallRouge/assets/scripts/engine/NodePool.ts as cce:/internal/x/cc.
10:19:14.326 debug: Resolve cc from file:///D:/Works/Cocos/WxMiniGames/MiniGameBallRouge/assets/scripts/engine/NodePool.ts as cce:/internal/x/cc.
10:19:14.326 debug: Resolve cc from file:///D:/Works/Cocos/WxMiniGames/MiniGameBallRouge/assets/scripts/framework/TimerManager.ts as cce:/internal/x/cc.
10:19:14.326 debug: Resolve cc from file:///D:/Works/Cocos/WxMiniGames/MiniGameBallRouge/assets/scripts/framework/ObjectPool.ts as cce:/internal/x/cc.
10:19:14.326 debug: Resolve cc from file:///D:/Works/Cocos/WxMiniGames/MiniGameBallRouge/assets/scripts/framework/EventManager.ts as cce:/internal/x/cc.
10:19:14.326 debug: Resolve cc from file:///D:/Works/Cocos/WxMiniGames/MiniGameBallRouge/assets/scripts/framework/FrameworkEvent.ts as cce:/internal/x/cc.
10:19:14.326 debug: Resolve cce:/internal/code-quality/cr.mjs from file:///D:/Works/Cocos/WxMiniGames/MiniGameBallRouge/assets/scripts/engine/Launcher.ts as cce:/internal/code-quality/cr.mjs.
10:19:14.326 debug: Resolve cc from file:///D:/Works/Cocos/WxMiniGames/MiniGameBallRouge/assets/scripts/engine/Launcher.ts as cce:/internal/x/cc.
10:19:14.326 debug: Resolve cc from file:///D:/Works/Cocos/WxMiniGames/MiniGameBallRouge/assets/scripts/engine/Launcher.ts as cce:/internal/x/cc.
10:19:14.326 debug: Resolve cc from file:///D:/Works/Cocos/WxMiniGames/MiniGameBallRouge/assets/scripts/engine/Launcher.ts as cce:/internal/x/cc.
10:19:14.326 debug: Resolve ./ScreenAdapter from file:///D:/Works/Cocos/WxMiniGames/MiniGameBallRouge/assets/scripts/engine/Launcher.ts as file:///D:/Works/Cocos/WxMiniGames/MiniGameBallRouge/assets/scripts/engine/ScreenAdapter.ts.
10:19:14.326 debug: Resolve ./GameManager from file:///D:/Works/Cocos/WxMiniGames/MiniGameBallRouge/assets/scripts/engine/Launcher.ts as file:///D:/Works/Cocos/WxMiniGames/MiniGameBallRouge/assets/scripts/engine/GameManager.ts.
10:19:14.326 debug: Resolve ../Game/CommonGame/CommonGameEntry from file:///D:/Works/Cocos/WxMiniGames/MiniGameBallRouge/assets/scripts/engine/Launcher.ts as file:///D:/Works/Cocos/WxMiniGames/MiniGameBallRouge/assets/scripts/Game/CommonGame/CommonGameEntry.ts.
10:19:14.326 debug: Resolve ./PlatformManager from file:///D:/Works/Cocos/WxMiniGames/MiniGameBallRouge/assets/scripts/engine/Launcher.ts as file:///D:/Works/Cocos/WxMiniGames/MiniGameBallRouge/assets/scripts/engine/PlatformManager.ts.
10:19:14.326 debug: Resolve cc from file:///D:/Works/Cocos/WxMiniGames/MiniGameBallRouge/assets/scripts/engine/ScreenAdapter.ts as cce:/internal/x/cc.
10:19:14.326 debug: Resolve cc from file:///D:/Works/Cocos/WxMiniGames/MiniGameBallRouge/assets/scripts/engine/ScreenAdapter.ts as cce:/internal/x/cc.
10:19:14.326 debug: Resolve cc from file:///D:/Works/Cocos/WxMiniGames/MiniGameBallRouge/assets/scripts/engine/ScreenAdapter.ts as cce:/internal/x/cc.
10:19:14.326 debug: Resolve cce:/internal/code-quality/cr.mjs from file:///D:/Works/Cocos/WxMiniGames/MiniGameBallRouge/assets/scripts/framework/TypeFactory.ts as cce:/internal/code-quality/cr.mjs.
10:19:14.326 debug: Resolve cc from file:///D:/Works/Cocos/WxMiniGames/MiniGameBallRouge/assets/scripts/framework/TypeFactory.ts as cce:/internal/x/cc.
10:19:14.326 debug: Resolve cc from file:///D:/Works/Cocos/WxMiniGames/MiniGameBallRouge/assets/scripts/framework/TypeRegistry.ts as cce:/internal/x/cc.
10:19:14.328 debug: Target(editor) ends with cost 2677.9194000000007ms.
10:19:14.329 debug: Target(preview) build started.
10:19:14.334 debug: Detected change: cce:/internal/x/cc. Last mtime: Thu Jan 01 1970 08:00:10 GMT+0800 (香港标准时间), Current mtime: Thu Jan 01 1970 08:00:09 GMT+0800 (香港标准时间)
10:19:14.334 debug: Inspect cce:/internal/x/cc
10:19:14.364 debug: transform url: 'cce:/internal/x/cc' costs: 29.50 ms
10:19:14.364 debug: Resolve cce:/internal/x/cc-fu/2d from cce:/internal/x/cc as external dependency cce:/internal/x/cc-fu/2d.
10:19:14.364 debug: Resolve cce:/internal/x/cc-fu/sorting from cce:/internal/x/cc as external dependency cce:/internal/x/cc-fu/sorting.
10:19:14.364 debug: Resolve cce:/internal/x/cc-fu/affine-transform from cce:/internal/x/cc as external dependency cce:/internal/x/cc-fu/affine-transform.
10:19:14.364 debug: Resolve cce:/internal/x/cc-fu/animation from cce:/internal/x/cc as external dependency cce:/internal/x/cc-fu/animation.
10:19:14.365 debug: Resolve cce:/internal/x/cc-fu/audio from cce:/internal/x/cc as external dependency cce:/internal/x/cc-fu/audio.
10:19:14.365 debug: Resolve cce:/internal/x/cc-fu/base from cce:/internal/x/cc as external dependency cce:/internal/x/cc-fu/base.
10:19:14.365 debug: Resolve cce:/internal/x/cc-fu/custom-pipeline from cce:/internal/x/cc as external dependency cce:/internal/x/cc-fu/custom-pipeline.
10:19:14.365 debug: Resolve cce:/internal/x/cc-fu/dragon-bones from cce:/internal/x/cc as external dependency cce:/internal/x/cc-fu/dragon-bones.
10:19:14.365 debug: Resolve cce:/internal/x/cc-fu/gfx-webgl from cce:/internal/x/cc as external dependency cce:/internal/x/cc-fu/gfx-webgl.
10:19:14.365 debug: Resolve cce:/internal/x/cc-fu/gfx-webgl2 from cce:/internal/x/cc as external dependency cce:/internal/x/cc-fu/gfx-webgl2.
10:19:14.365 debug: Resolve cce:/internal/x/cc-fu/graphics from cce:/internal/x/cc as external dependency cce:/internal/x/cc-fu/graphics.
10:19:14.365 debug: Resolve cce:/internal/x/cc-fu/intersection-2d from cce:/internal/x/cc as external dependency cce:/internal/x/cc-fu/intersection-2d.
10:19:14.365 debug: Resolve cce:/internal/x/cc-fu/mask from cce:/internal/x/cc as external dependency cce:/internal/x/cc-fu/mask.
10:19:14.365 debug: Resolve cce:/internal/x/cc-fu/particle-2d from cce:/internal/x/cc as external dependency cce:/internal/x/cc-fu/particle-2d.
10:19:14.365 debug: Resolve cce:/internal/x/cc-fu/physics-2d-builtin from cce:/internal/x/cc as external dependency cce:/internal/x/cc-fu/physics-2d-builtin.
10:19:14.365 debug: Resolve cce:/internal/x/cc-fu/physics-2d-framework from cce:/internal/x/cc as external dependency cce:/internal/x/cc-fu/physics-2d-framework.
10:19:14.365 debug: Resolve cce:/internal/x/cc-fu/profiler from cce:/internal/x/cc as external dependency cce:/internal/x/cc-fu/profiler.
10:19:14.365 debug: Resolve cce:/internal/x/cc-fu/rich-text from cce:/internal/x/cc as external dependency cce:/internal/x/cc-fu/rich-text.
10:19:14.365 debug: Resolve cce:/internal/x/cc-fu/spine from cce:/internal/x/cc as external dependency cce:/internal/x/cc-fu/spine.
10:19:14.365 debug: Resolve cce:/internal/x/cc-fu/tiled-map from cce:/internal/x/cc as external dependency cce:/internal/x/cc-fu/tiled-map.
10:19:14.365 debug: Resolve cce:/internal/x/cc-fu/tween from cce:/internal/x/cc as external dependency cce:/internal/x/cc-fu/tween.
10:19:14.365 debug: Resolve cce:/internal/x/cc-fu/ui from cce:/internal/x/cc as external dependency cce:/internal/x/cc-fu/ui.
10:19:14.365 debug: Resolve cce:/internal/x/cc-fu/video from cce:/internal/x/cc as external dependency cce:/internal/x/cc-fu/video.
10:19:14.365 debug: Resolve cce:/internal/x/cc-fu/webview from cce:/internal/x/cc as external dependency cce:/internal/x/cc-fu/webview.
10:19:14.365 debug: Detected change: cce:/internal/x/prerequisite-imports. Last mtime: Thu Jan 01 1970 08:00:19 GMT+0800 (香港标准时间), Current mtime: Thu Jan 01 1970 08:00:11 GMT+0800 (香港标准时间)
10:19:14.366 debug: Inspect cce:/internal/x/prerequisite-imports
10:19:14.379 debug: transform url: 'cce:/internal/x/prerequisite-imports' costs: 13.00 ms
10:19:14.380 debug: Resolve file:///C:/ProgramData/cocos/editors/Creator/3.8.8/resources/resources/3d/engine/editor/assets/default_renderpipeline/builtin-dof-pass.ts from cce:/internal/x/prerequisite-imports as file:///C:/ProgramData/cocos/editors/Creator/3.8.8/resources/resources/3d/engine/editor/assets/default_renderpipeline/builtin-dof-pass.ts.
10:19:14.381 debug: Resolve file:///C:/ProgramData/cocos/editors/Creator/3.8.8/resources/resources/3d/engine/editor/assets/default_renderpipeline/builtin-pipeline-pass.ts from cce:/internal/x/prerequisite-imports as file:///C:/ProgramData/cocos/editors/Creator/3.8.8/resources/resources/3d/engine/editor/assets/default_renderpipeline/builtin-pipeline-pass.ts.
10:19:14.382 debug: Resolve file:///C:/ProgramData/cocos/editors/Creator/3.8.8/resources/resources/3d/engine/editor/assets/default_renderpipeline/builtin-pipeline-settings.ts from cce:/internal/x/prerequisite-imports as file:///C:/ProgramData/cocos/editors/Creator/3.8.8/resources/resources/3d/engine/editor/assets/default_renderpipeline/builtin-pipeline-settings.ts.
10:19:14.383 debug: Resolve file:///C:/ProgramData/cocos/editors/Creator/3.8.8/resources/resources/3d/engine/editor/assets/default_renderpipeline/builtin-pipeline-types.ts from cce:/internal/x/prerequisite-imports as file:///C:/ProgramData/cocos/editors/Creator/3.8.8/resources/resources/3d/engine/editor/assets/default_renderpipeline/builtin-pipeline-types.ts.
10:19:14.384 debug: Resolve file:///C:/ProgramData/cocos/editors/Creator/3.8.8/resources/resources/3d/engine/editor/assets/default_renderpipeline/builtin-pipeline.ts from cce:/internal/x/prerequisite-imports as file:///C:/ProgramData/cocos/editors/Creator/3.8.8/resources/resources/3d/engine/editor/assets/default_renderpipeline/builtin-pipeline.ts.
10:19:14.385 debug: Resolve file:///C:/ProgramData/cocos/editors/Creator/3.8.8/resources/resources/3d/engine/editor/assets/tools/debug-view-runtime-control.ts from cce:/internal/x/prerequisite-imports as file:///C:/ProgramData/cocos/editors/Creator/3.8.8/resources/resources/3d/engine/editor/assets/tools/debug-view-runtime-control.ts.
10:19:14.385 debug: Resolve file:///D:/Works/Cocos/WxMiniGames/MiniGameBallRouge/assets/scripts/Game/CommonGame/CommonGameEntry.ts from cce:/internal/x/prerequisite-imports as file:///D:/Works/Cocos/WxMiniGames/MiniGameBallRouge/assets/scripts/Game/CommonGame/CommonGameEntry.ts.
10:19:14.385 debug: Inspect file:///D:/Works/Cocos/WxMiniGames/MiniGameBallRouge/assets/scripts/Game/CommonGame/CommonGameEntry.ts
10:19:14.405 debug: transform url: 'file:///D:/Works/Cocos/WxMiniGames/MiniGameBallRouge/assets/scripts/Game/CommonGame/CommonGameEntry.ts' costs: 19.40 ms
10:19:14.406 debug: Resolve file:///D:/Works/Cocos/WxMiniGames/MiniGameBallRouge/assets/scripts/Game/CommonGame/CommonGameProgress.ts from cce:/internal/x/prerequisite-imports as file:///D:/Works/Cocos/WxMiniGames/MiniGameBallRouge/assets/scripts/Game/CommonGame/CommonGameProgress.ts.
10:19:14.406 debug: Inspect file:///D:/Works/Cocos/WxMiniGames/MiniGameBallRouge/assets/scripts/Game/CommonGame/CommonGameProgress.ts
10:19:14.428 debug: transform url: 'file:///D:/Works/Cocos/WxMiniGames/MiniGameBallRouge/assets/scripts/Game/CommonGame/CommonGameProgress.ts' costs: 21.50 ms
10:19:14.429 debug: Resolve file:///D:/Works/Cocos/WxMiniGames/MiniGameBallRouge/assets/scripts/Game/CommonGame/CommonUIConfig.ts from cce:/internal/x/prerequisite-imports as file:///D:/Works/Cocos/WxMiniGames/MiniGameBallRouge/assets/scripts/Game/CommonGame/CommonUIConfig.ts.
10:19:14.430 debug: Inspect file:///D:/Works/Cocos/WxMiniGames/MiniGameBallRouge/assets/scripts/Game/CommonGame/CommonUIConfig.ts
10:19:14.462 debug: transform url: 'file:///D:/Works/Cocos/WxMiniGames/MiniGameBallRouge/assets/scripts/Game/CommonGame/CommonUIConfig.ts' costs: 32.30 ms
10:19:14.464 debug: Resolve file:///D:/Works/Cocos/WxMiniGames/MiniGameBallRouge/assets/scripts/Game/CommonGame/shader/PixelMonsterSprite.ts from cce:/internal/x/prerequisite-imports as file:///D:/Works/Cocos/WxMiniGames/MiniGameBallRouge/assets/scripts/Game/CommonGame/shader/PixelMonsterSprite.ts.
10:19:14.464 debug: Inspect file:///D:/Works/Cocos/WxMiniGames/MiniGameBallRouge/assets/scripts/Game/CommonGame/shader/PixelMonsterSprite.ts
10:19:14.576 debug: transform url: 'file:///D:/Works/Cocos/WxMiniGames/MiniGameBallRouge/assets/scripts/Game/CommonGame/shader/PixelMonsterSprite.ts' costs: 112.40 ms
10:19:14.588 debug: Resolve file:///D:/Works/Cocos/WxMiniGames/MiniGameBallRouge/assets/scripts/Game/CommonGame/ui/AdPanel.ts from cce:/internal/x/prerequisite-imports as file:///D:/Works/Cocos/WxMiniGames/MiniGameBallRouge/assets/scripts/Game/CommonGame/ui/AdPanel.ts.
10:19:14.588 debug: Inspect file:///D:/Works/Cocos/WxMiniGames/MiniGameBallRouge/assets/scripts/Game/CommonGame/ui/AdPanel.ts
10:19:14.653 debug: transform url: 'file:///D:/Works/Cocos/WxMiniGames/MiniGameBallRouge/assets/scripts/Game/CommonGame/ui/AdPanel.ts' costs: 65.30 ms
10:19:14.655 debug: Resolve file:///D:/Works/Cocos/WxMiniGames/MiniGameBallRouge/assets/scripts/Game/CommonGame/ui/GamePanel.ts from cce:/internal/x/prerequisite-imports as file:///D:/Works/Cocos/WxMiniGames/MiniGameBallRouge/assets/scripts/Game/CommonGame/ui/GamePanel.ts.
10:19:14.655 debug: Inspect file:///D:/Works/Cocos/WxMiniGames/MiniGameBallRouge/assets/scripts/Game/CommonGame/ui/GamePanel.ts
10:19:14.918 debug: transform url: 'file:///D:/Works/Cocos/WxMiniGames/MiniGameBallRouge/assets/scripts/Game/CommonGame/ui/GamePanel.ts' costs: 263.20 ms
10:19:14.922 debug: Resolve file:///D:/Works/Cocos/WxMiniGames/MiniGameBallRouge/assets/scripts/Game/CommonGame/ui/LoadingPanel.ts from cce:/internal/x/prerequisite-imports as file:///D:/Works/Cocos/WxMiniGames/MiniGameBallRouge/assets/scripts/Game/CommonGame/ui/LoadingPanel.ts.
10:19:14.922 debug: Inspect file:///D:/Works/Cocos/WxMiniGames/MiniGameBallRouge/assets/scripts/Game/CommonGame/ui/LoadingPanel.ts
10:19:15.059 debug: transform url: 'file:///D:/Works/Cocos/WxMiniGames/MiniGameBallRouge/assets/scripts/Game/CommonGame/ui/LoadingPanel.ts' costs: 137.00 ms
10:19:15.061 debug: Resolve file:///D:/Works/Cocos/WxMiniGames/MiniGameBallRouge/assets/scripts/Game/CommonGame/ui/LoginPanel.ts from cce:/internal/x/prerequisite-imports as file:///D:/Works/Cocos/WxMiniGames/MiniGameBallRouge/assets/scripts/Game/CommonGame/ui/LoginPanel.ts.
10:19:15.062 debug: Inspect file:///D:/Works/Cocos/WxMiniGames/MiniGameBallRouge/assets/scripts/Game/CommonGame/ui/LoginPanel.ts
10:19:15.147 debug: transform url: 'file:///D:/Works/Cocos/WxMiniGames/MiniGameBallRouge/assets/scripts/Game/CommonGame/ui/LoginPanel.ts' costs: 85.60 ms
10:19:15.150 debug: Resolve file:///D:/Works/Cocos/WxMiniGames/MiniGameBallRouge/assets/scripts/Game/CommonGame/ui/MainPage.ts from cce:/internal/x/prerequisite-imports as file:///D:/Works/Cocos/WxMiniGames/MiniGameBallRouge/assets/scripts/Game/CommonGame/ui/MainPage.ts.
10:19:15.150 debug: Inspect file:///D:/Works/Cocos/WxMiniGames/MiniGameBallRouge/assets/scripts/Game/CommonGame/ui/MainPage.ts
10:19:15.210 debug: transform url: 'file:///D:/Works/Cocos/WxMiniGames/MiniGameBallRouge/assets/scripts/Game/CommonGame/ui/MainPage.ts' costs: 59.90 ms
10:19:15.212 debug: Resolve file:///D:/Works/Cocos/WxMiniGames/MiniGameBallRouge/assets/scripts/Game/CommonGame/ui/MainPanel.ts from cce:/internal/x/prerequisite-imports as file:///D:/Works/Cocos/WxMiniGames/MiniGameBallRouge/assets/scripts/Game/CommonGame/ui/MainPanel.ts.
10:19:15.212 debug: Inspect file:///D:/Works/Cocos/WxMiniGames/MiniGameBallRouge/assets/scripts/Game/CommonGame/ui/MainPanel.ts
10:19:15.276 debug: transform url: 'file:///D:/Works/Cocos/WxMiniGames/MiniGameBallRouge/assets/scripts/Game/CommonGame/ui/MainPanel.ts' costs: 64.40 ms
10:19:15.279 debug: Resolve file:///D:/Works/Cocos/WxMiniGames/MiniGameBallRouge/assets/scripts/Game/CommonGame/ui/PausePanel.ts from cce:/internal/x/prerequisite-imports as file:///D:/Works/Cocos/WxMiniGames/MiniGameBallRouge/assets/scripts/Game/CommonGame/ui/PausePanel.ts.
10:19:15.280 debug: Inspect file:///D:/Works/Cocos/WxMiniGames/MiniGameBallRouge/assets/scripts/Game/CommonGame/ui/PausePanel.ts
10:19:15.315 debug: transform url: 'file:///D:/Works/Cocos/WxMiniGames/MiniGameBallRouge/assets/scripts/Game/CommonGame/ui/PausePanel.ts' costs: 34.80 ms
10:19:15.317 debug: Resolve file:///D:/Works/Cocos/WxMiniGames/MiniGameBallRouge/assets/scripts/Game/CommonGame/ui/RankPanel.ts from cce:/internal/x/prerequisite-imports as file:///D:/Works/Cocos/WxMiniGames/MiniGameBallRouge/assets/scripts/Game/CommonGame/ui/RankPanel.ts.
10:19:15.317 debug: Inspect file:///D:/Works/Cocos/WxMiniGames/MiniGameBallRouge/assets/scripts/Game/CommonGame/ui/RankPanel.ts
10:19:15.367 debug: transform url: 'file:///D:/Works/Cocos/WxMiniGames/MiniGameBallRouge/assets/scripts/Game/CommonGame/ui/RankPanel.ts' costs: 49.80 ms
10:19:15.369 debug: Resolve file:///D:/Works/Cocos/WxMiniGames/MiniGameBallRouge/assets/scripts/Game/CommonGame/ui/TransitionPanel.ts from cce:/internal/x/prerequisite-imports as file:///D:/Works/Cocos/WxMiniGames/MiniGameBallRouge/assets/scripts/Game/CommonGame/ui/TransitionPanel.ts.
10:19:15.369 debug: Inspect file:///D:/Works/Cocos/WxMiniGames/MiniGameBallRouge/assets/scripts/Game/CommonGame/ui/TransitionPanel.ts
10:19:15.401 debug: transform url: 'file:///D:/Works/Cocos/WxMiniGames/MiniGameBallRouge/assets/scripts/Game/CommonGame/ui/TransitionPanel.ts' costs: 32.10 ms
10:19:15.403 debug: Resolve file:///D:/Works/Cocos/WxMiniGames/MiniGameBallRouge/assets/scripts/engine/AdManager.ts from cce:/internal/x/prerequisite-imports as file:///D:/Works/Cocos/WxMiniGames/MiniGameBallRouge/assets/scripts/engine/AdManager.ts.
10:19:15.403 debug: Inspect file:///D:/Works/Cocos/WxMiniGames/MiniGameBallRouge/assets/scripts/engine/AdManager.ts
10:19:15.462 debug: transform url: 'file:///D:/Works/Cocos/WxMiniGames/MiniGameBallRouge/assets/scripts/engine/AdManager.ts' costs: 57.70 ms
10:19:15.465 debug: Resolve file:///D:/Works/Cocos/WxMiniGames/MiniGameBallRouge/assets/scripts/engine/AudioManager.ts from cce:/internal/x/prerequisite-imports as file:///D:/Works/Cocos/WxMiniGames/MiniGameBallRouge/assets/scripts/engine/AudioManager.ts.
10:19:15.465 debug: Inspect file:///D:/Works/Cocos/WxMiniGames/MiniGameBallRouge/assets/scripts/engine/AudioManager.ts
10:19:15.538 debug: transform url: 'file:///D:/Works/Cocos/WxMiniGames/MiniGameBallRouge/assets/scripts/engine/AudioManager.ts' costs: 72.70 ms
10:19:15.540 debug: Resolve file:///D:/Works/Cocos/WxMiniGames/MiniGameBallRouge/assets/scripts/engine/ConfigManager.ts from cce:/internal/x/prerequisite-imports as file:///D:/Works/Cocos/WxMiniGames/MiniGameBallRouge/assets/scripts/engine/ConfigManager.ts.
10:19:15.540 debug: Inspect file:///D:/Works/Cocos/WxMiniGames/MiniGameBallRouge/assets/scripts/engine/ConfigManager.ts
10:19:15.564 debug: transform url: 'file:///D:/Works/Cocos/WxMiniGames/MiniGameBallRouge/assets/scripts/engine/ConfigManager.ts' costs: 24.50 ms
10:19:15.566 debug: Resolve file:///D:/Works/Cocos/WxMiniGames/MiniGameBallRouge/assets/scripts/engine/FlatBuffersRuntime.ts from cce:/internal/x/prerequisite-imports as file:///D:/Works/Cocos/WxMiniGames/MiniGameBallRouge/assets/scripts/engine/FlatBuffersRuntime.ts.
10:19:15.566 debug: Inspect file:///D:/Works/Cocos/WxMiniGames/MiniGameBallRouge/assets/scripts/engine/FlatBuffersRuntime.ts
10:19:15.609 debug: transform url: 'file:///D:/Works/Cocos/WxMiniGames/MiniGameBallRouge/assets/scripts/engine/FlatBuffersRuntime.ts' costs: 42.90 ms
10:19:15.611 debug: Resolve file:///D:/Works/Cocos/WxMiniGames/MiniGameBallRouge/assets/scripts/engine/GameManager.ts from cce:/internal/x/prerequisite-imports as file:///D:/Works/Cocos/WxMiniGames/MiniGameBallRouge/assets/scripts/engine/GameManager.ts.
10:19:15.612 debug: Inspect file:///D:/Works/Cocos/WxMiniGames/MiniGameBallRouge/assets/scripts/engine/GameManager.ts
10:19:15.662 debug: transform url: 'file:///D:/Works/Cocos/WxMiniGames/MiniGameBallRouge/assets/scripts/engine/GameManager.ts' costs: 50.30 ms
10:19:15.665 debug: Resolve file:///D:/Works/Cocos/WxMiniGames/MiniGameBallRouge/assets/scripts/engine/Launcher.ts from cce:/internal/x/prerequisite-imports as file:///D:/Works/Cocos/WxMiniGames/MiniGameBallRouge/assets/scripts/engine/Launcher.ts.
10:19:15.665 debug: Inspect file:///D:/Works/Cocos/WxMiniGames/MiniGameBallRouge/assets/scripts/engine/Launcher.ts
10:19:15.705 debug: transform url: 'file:///D:/Works/Cocos/WxMiniGames/MiniGameBallRouge/assets/scripts/engine/Launcher.ts' costs: 39.80 ms
10:19:15.707 debug: Resolve file:///D:/Works/Cocos/WxMiniGames/MiniGameBallRouge/assets/scripts/engine/NodePool.ts from cce:/internal/x/prerequisite-imports as file:///D:/Works/Cocos/WxMiniGames/MiniGameBallRouge/assets/scripts/engine/NodePool.ts.
10:19:15.707 debug: Inspect file:///D:/Works/Cocos/WxMiniGames/MiniGameBallRouge/assets/scripts/engine/NodePool.ts
10:19:15.740 debug: transform url: 'file:///D:/Works/Cocos/WxMiniGames/MiniGameBallRouge/assets/scripts/engine/NodePool.ts' costs: 33.10 ms
10:19:15.742 debug: Resolve file:///D:/Works/Cocos/WxMiniGames/MiniGameBallRouge/assets/scripts/engine/PlatformManager.ts from cce:/internal/x/prerequisite-imports as file:///D:/Works/Cocos/WxMiniGames/MiniGameBallRouge/assets/scripts/engine/PlatformManager.ts.
10:19:15.742 debug: Inspect file:///D:/Works/Cocos/WxMiniGames/MiniGameBallRouge/assets/scripts/engine/PlatformManager.ts
10:19:15.876 debug: transform url: 'file:///D:/Works/Cocos/WxMiniGames/MiniGameBallRouge/assets/scripts/engine/PlatformManager.ts' costs: 133.60 ms
10:19:15.879 debug: Resolve file:///D:/Works/Cocos/WxMiniGames/MiniGameBallRouge/assets/scripts/engine/ResManager.ts from cce:/internal/x/prerequisite-imports as file:///D:/Works/Cocos/WxMiniGames/MiniGameBallRouge/assets/scripts/engine/ResManager.ts.
10:19:15.879 debug: Inspect file:///D:/Works/Cocos/WxMiniGames/MiniGameBallRouge/assets/scripts/engine/ResManager.ts
10:19:15.939 debug: transform url: 'file:///D:/Works/Cocos/WxMiniGames/MiniGameBallRouge/assets/scripts/engine/ResManager.ts' costs: 59.90 ms
10:19:15.942 debug: Resolve file:///D:/Works/Cocos/WxMiniGames/MiniGameBallRouge/assets/scripts/engine/ScreenAdapter.ts from cce:/internal/x/prerequisite-imports as file:///D:/Works/Cocos/WxMiniGames/MiniGameBallRouge/assets/scripts/engine/ScreenAdapter.ts.
10:19:15.942 debug: Inspect file:///D:/Works/Cocos/WxMiniGames/MiniGameBallRouge/assets/scripts/engine/ScreenAdapter.ts
10:19:15.978 debug: transform url: 'file:///D:/Works/Cocos/WxMiniGames/MiniGameBallRouge/assets/scripts/engine/ScreenAdapter.ts' costs: 36.10 ms
10:19:15.980 debug: Resolve file:///D:/Works/Cocos/WxMiniGames/MiniGameBallRouge/assets/scripts/engine/ui/UIBase.ts from cce:/internal/x/prerequisite-imports as file:///D:/Works/Cocos/WxMiniGames/MiniGameBallRouge/assets/scripts/engine/ui/UIBase.ts.
10:19:15.980 debug: Inspect file:///D:/Works/Cocos/WxMiniGames/MiniGameBallRouge/assets/scripts/engine/ui/UIBase.ts
10:19:16.107 debug: transform url: 'file:///D:/Works/Cocos/WxMiniGames/MiniGameBallRouge/assets/scripts/engine/ui/UIBase.ts' costs: 126.90 ms
10:19:16.109 debug: Resolve file:///D:/Works/Cocos/WxMiniGames/MiniGameBallRouge/assets/scripts/engine/ui/UIData.ts from cce:/internal/x/prerequisite-imports as file:///D:/Works/Cocos/WxMiniGames/MiniGameBallRouge/assets/scripts/engine/ui/UIData.ts.
10:19:16.109 debug: Inspect file:///D:/Works/Cocos/WxMiniGames/MiniGameBallRouge/assets/scripts/engine/ui/UIData.ts
10:19:16.141 debug: transform url: 'file:///D:/Works/Cocos/WxMiniGames/MiniGameBallRouge/assets/scripts/engine/ui/UIData.ts' costs: 31.20 ms
10:19:16.143 debug: Resolve file:///D:/Works/Cocos/WxMiniGames/MiniGameBallRouge/assets/scripts/engine/ui/UIManager.ts from cce:/internal/x/prerequisite-imports as file:///D:/Works/Cocos/WxMiniGames/MiniGameBallRouge/assets/scripts/engine/ui/UIManager.ts.
10:19:16.143 debug: Inspect file:///D:/Works/Cocos/WxMiniGames/MiniGameBallRouge/assets/scripts/engine/ui/UIManager.ts
10:19:16.221 debug: transform url: 'file:///D:/Works/Cocos/WxMiniGames/MiniGameBallRouge/assets/scripts/engine/ui/UIManager.ts' costs: 78.00 ms
10:19:16.223 debug: Resolve file:///D:/Works/Cocos/WxMiniGames/MiniGameBallRouge/assets/scripts/framework/EventManager.ts from cce:/internal/x/prerequisite-imports as file:///D:/Works/Cocos/WxMiniGames/MiniGameBallRouge/assets/scripts/framework/EventManager.ts.
10:19:16.223 debug: Inspect file:///D:/Works/Cocos/WxMiniGames/MiniGameBallRouge/assets/scripts/framework/EventManager.ts
10:19:16.255 debug: transform url: 'file:///D:/Works/Cocos/WxMiniGames/MiniGameBallRouge/assets/scripts/framework/EventManager.ts' costs: 31.90 ms
10:19:16.257 debug: Resolve file:///D:/Works/Cocos/WxMiniGames/MiniGameBallRouge/assets/scripts/framework/FrameworkConst.ts from cce:/internal/x/prerequisite-imports as file:///D:/Works/Cocos/WxMiniGames/MiniGameBallRouge/assets/scripts/framework/FrameworkConst.ts.
10:19:16.257 debug: Inspect file:///D:/Works/Cocos/WxMiniGames/MiniGameBallRouge/assets/scripts/framework/FrameworkConst.ts
10:19:16.272 debug: transform url: 'file:///D:/Works/Cocos/WxMiniGames/MiniGameBallRouge/assets/scripts/framework/FrameworkConst.ts' costs: 14.80 ms
10:19:16.273 debug: Resolve file:///D:/Works/Cocos/WxMiniGames/MiniGameBallRouge/assets/scripts/framework/FrameworkEvent.ts from cce:/internal/x/prerequisite-imports as file:///D:/Works/Cocos/WxMiniGames/MiniGameBallRouge/assets/scripts/framework/FrameworkEvent.ts.
10:19:16.274 debug: Inspect file:///D:/Works/Cocos/WxMiniGames/MiniGameBallRouge/assets/scripts/framework/FrameworkEvent.ts
10:19:16.289 debug: transform url: 'file:///D:/Works/Cocos/WxMiniGames/MiniGameBallRouge/assets/scripts/framework/FrameworkEvent.ts' costs: 15.00 ms
10:19:16.291 debug: Resolve file:///D:/Works/Cocos/WxMiniGames/MiniGameBallRouge/assets/scripts/framework/ObjectPool.ts from cce:/internal/x/prerequisite-imports as file:///D:/Works/Cocos/WxMiniGames/MiniGameBallRouge/assets/scripts/framework/ObjectPool.ts.
10:19:16.291 debug: Inspect file:///D:/Works/Cocos/WxMiniGames/MiniGameBallRouge/assets/scripts/framework/ObjectPool.ts
10:19:16.325 debug: transform url: 'file:///D:/Works/Cocos/WxMiniGames/MiniGameBallRouge/assets/scripts/framework/ObjectPool.ts' costs: 33.10 ms
10:19:16.327 debug: Resolve file:///D:/Works/Cocos/WxMiniGames/MiniGameBallRouge/assets/scripts/framework/StorageManager.ts from cce:/internal/x/prerequisite-imports as file:///D:/Works/Cocos/WxMiniGames/MiniGameBallRouge/assets/scripts/framework/StorageManager.ts.
10:19:16.327 debug: Inspect file:///D:/Works/Cocos/WxMiniGames/MiniGameBallRouge/assets/scripts/framework/StorageManager.ts
10:19:16.361 debug: transform url: 'file:///D:/Works/Cocos/WxMiniGames/MiniGameBallRouge/assets/scripts/framework/StorageManager.ts' costs: 34.40 ms
10:19:16.364 debug: Resolve file:///D:/Works/Cocos/WxMiniGames/MiniGameBallRouge/assets/scripts/framework/TimerManager.ts from cce:/internal/x/prerequisite-imports as file:///D:/Works/Cocos/WxMiniGames/MiniGameBallRouge/assets/scripts/framework/TimerManager.ts.
10:19:16.365 debug: Inspect file:///D:/Works/Cocos/WxMiniGames/MiniGameBallRouge/assets/scripts/framework/TimerManager.ts
10:19:16.390 debug: transform url: 'file:///D:/Works/Cocos/WxMiniGames/MiniGameBallRouge/assets/scripts/framework/TimerManager.ts' costs: 25.20 ms
10:19:16.392 debug: Resolve file:///D:/Works/Cocos/WxMiniGames/MiniGameBallRouge/assets/scripts/framework/TypeFactory.ts from cce:/internal/x/prerequisite-imports as file:///D:/Works/Cocos/WxMiniGames/MiniGameBallRouge/assets/scripts/framework/TypeFactory.ts.
10:19:16.392 debug: Inspect file:///D:/Works/Cocos/WxMiniGames/MiniGameBallRouge/assets/scripts/framework/TypeFactory.ts
10:19:16.417 debug: transform url: 'file:///D:/Works/Cocos/WxMiniGames/MiniGameBallRouge/assets/scripts/framework/TypeFactory.ts' costs: 24.70 ms
10:19:16.419 debug: Resolve file:///D:/Works/Cocos/WxMiniGames/MiniGameBallRouge/assets/scripts/framework/TypeRegistry.ts from cce:/internal/x/prerequisite-imports as file:///D:/Works/Cocos/WxMiniGames/MiniGameBallRouge/assets/scripts/framework/TypeRegistry.ts.
10:19:16.419 debug: Inspect file:///D:/Works/Cocos/WxMiniGames/MiniGameBallRouge/assets/scripts/framework/TypeRegistry.ts
10:19:16.438 debug: transform url: 'file:///D:/Works/Cocos/WxMiniGames/MiniGameBallRouge/assets/scripts/framework/TypeRegistry.ts' costs: 18.90 ms
10:19:16.439 debug: Resolve cce:/internal/code-quality/cr.mjs from file:///C:/ProgramData/cocos/editors/Creator/3.8.8/resources/resources/3d/engine/editor/assets/default_renderpipeline/builtin-dof-pass.ts as cce:/internal/code-quality/cr.mjs.
10:19:16.439 debug: Detected change: cce:/internal/code-quality/cr.mjs. Last mtime: Thu Aug 20 2026 13:11:48 GMT+0800 (香港标准时间), Current mtime: Mon Sep 28 2026 10:19:02 GMT+0800 (香港标准时间)
10:19:16.440 debug: Inspect cce:/internal/code-quality/cr.mjs
10:19:16.450 debug: transform url: 'cce:/internal/code-quality/cr.mjs' costs: 10.40 ms
10:19:16.451 debug: Resolve cc from file:///C:/ProgramData/cocos/editors/Creator/3.8.8/resources/resources/3d/engine/editor/assets/default_renderpipeline/builtin-dof-pass.ts as cce:/internal/x/cc.
10:19:16.451 debug: Resolve cc from file:///C:/ProgramData/cocos/editors/Creator/3.8.8/resources/resources/3d/engine/editor/assets/default_renderpipeline/builtin-dof-pass.ts as cce:/internal/x/cc.
10:19:16.451 debug: Resolve cc from file:///C:/ProgramData/cocos/editors/Creator/3.8.8/resources/resources/3d/engine/editor/assets/default_renderpipeline/builtin-dof-pass.ts as cce:/internal/x/cc.
10:19:16.451 debug: Resolve cc/env from file:///C:/ProgramData/cocos/editors/Creator/3.8.8/resources/resources/3d/engine/editor/assets/default_renderpipeline/builtin-dof-pass.ts as external dependency cc/env.
10:19:16.452 debug: Resolve ./builtin-pipeline-settings from file:///C:/ProgramData/cocos/editors/Creator/3.8.8/resources/resources/3d/engine/editor/assets/default_renderpipeline/builtin-dof-pass.ts as file:///C:/ProgramData/cocos/editors/Creator/3.8.8/resources/resources/3d/engine/editor/assets/default_renderpipeline/builtin-pipeline-settings.ts.
10:19:16.453 debug: Resolve ./builtin-pipeline-pass from file:///C:/ProgramData/cocos/editors/Creator/3.8.8/resources/resources/3d/engine/editor/assets/default_renderpipeline/builtin-dof-pass.ts as file:///C:/ProgramData/cocos/editors/Creator/3.8.8/resources/resources/3d/engine/editor/assets/default_renderpipeline/builtin-pipeline-pass.ts.
10:19:16.454 debug: Resolve ./builtin-pipeline from file:///C:/ProgramData/cocos/editors/Creator/3.8.8/resources/resources/3d/engine/editor/assets/default_renderpipeline/builtin-dof-pass.ts as file:///C:/ProgramData/cocos/editors/Creator/3.8.8/resources/resources/3d/engine/editor/assets/default_renderpipeline/builtin-pipeline.ts.
10:19:16.455 debug: Resolve cce:/internal/code-quality/cr.mjs from file:///C:/ProgramData/cocos/editors/Creator/3.8.8/resources/resources/3d/engine/editor/assets/default_renderpipeline/builtin-pipeline-settings.ts as cce:/internal/code-quality/cr.mjs.
10:19:16.455 debug: Resolve cc from file:///C:/ProgramData/cocos/editors/Creator/3.8.8/resources/resources/3d/engine/editor/assets/default_renderpipeline/builtin-pipeline-settings.ts as cce:/internal/x/cc.
10:19:16.455 debug: Resolve cc from file:///C:/ProgramData/cocos/editors/Creator/3.8.8/resources/resources/3d/engine/editor/assets/default_renderpipeline/builtin-pipeline-settings.ts as cce:/internal/x/cc.
10:19:16.455 debug: Resolve cc from file:///C:/ProgramData/cocos/editors/Creator/3.8.8/resources/resources/3d/engine/editor/assets/default_renderpipeline/builtin-pipeline-settings.ts as cce:/internal/x/cc.
10:19:16.455 debug: Resolve cc/env from file:///C:/ProgramData/cocos/editors/Creator/3.8.8/resources/resources/3d/engine/editor/assets/default_renderpipeline/builtin-pipeline-settings.ts as external dependency cc/env.
10:19:16.456 debug: Resolve ./builtin-pipeline-types from file:///C:/ProgramData/cocos/editors/Creator/3.8.8/resources/resources/3d/engine/editor/assets/default_renderpipeline/builtin-pipeline-settings.ts as file:///C:/ProgramData/cocos/editors/Creator/3.8.8/resources/resources/3d/engine/editor/assets/default_renderpipeline/builtin-pipeline-types.ts.
10:19:16.456 debug: Resolve cc from file:///C:/ProgramData/cocos/editors/Creator/3.8.8/resources/resources/3d/engine/editor/assets/default_renderpipeline/builtin-pipeline-types.ts as cce:/internal/x/cc.
10:19:16.456 debug: Resolve cc from file:///C:/ProgramData/cocos/editors/Creator/3.8.8/resources/resources/3d/engine/editor/assets/default_renderpipeline/builtin-pipeline-types.ts as cce:/internal/x/cc.
10:19:16.456 debug: Resolve cc from file:///C:/ProgramData/cocos/editors/Creator/3.8.8/resources/resources/3d/engine/editor/assets/default_renderpipeline/builtin-pipeline-types.ts as cce:/internal/x/cc.
10:19:16.456 debug: Resolve cce:/internal/code-quality/cr.mjs from file:///C:/ProgramData/cocos/editors/Creator/3.8.8/resources/resources/3d/engine/editor/assets/default_renderpipeline/builtin-pipeline-pass.ts as cce:/internal/code-quality/cr.mjs.
10:19:16.456 debug: Resolve cc from file:///C:/ProgramData/cocos/editors/Creator/3.8.8/resources/resources/3d/engine/editor/assets/default_renderpipeline/builtin-pipeline-pass.ts as cce:/internal/x/cc.
10:19:16.457 debug: Resolve cc from file:///C:/ProgramData/cocos/editors/Creator/3.8.8/resources/resources/3d/engine/editor/assets/default_renderpipeline/builtin-pipeline-pass.ts as cce:/internal/x/cc.
10:19:16.457 debug: Resolve cc from file:///C:/ProgramData/cocos/editors/Creator/3.8.8/resources/resources/3d/engine/editor/assets/default_renderpipeline/builtin-pipeline-pass.ts as cce:/internal/x/cc.
10:19:16.458 debug: Resolve ./builtin-pipeline-settings from file:///C:/ProgramData/cocos/editors/Creator/3.8.8/resources/resources/3d/engine/editor/assets/default_renderpipeline/builtin-pipeline-pass.ts as file:///C:/ProgramData/cocos/editors/Creator/3.8.8/resources/resources/3d/engine/editor/assets/default_renderpipeline/builtin-pipeline-settings.ts.
10:19:16.458 debug: Resolve cc/env from file:///C:/ProgramData/cocos/editors/Creator/3.8.8/resources/resources/3d/engine/editor/assets/default_renderpipeline/builtin-pipeline-pass.ts as external dependency cc/env.
10:19:16.458 debug: Resolve cce:/internal/code-quality/cr.mjs from file:///C:/ProgramData/cocos/editors/Creator/3.8.8/resources/resources/3d/engine/editor/assets/default_renderpipeline/builtin-pipeline.ts as cce:/internal/code-quality/cr.mjs.
10:19:16.458 debug: Resolve cc from file:///C:/ProgramData/cocos/editors/Creator/3.8.8/resources/resources/3d/engine/editor/assets/default_renderpipeline/builtin-pipeline.ts as cce:/internal/x/cc.
10:19:16.458 debug: Resolve cc from file:///C:/ProgramData/cocos/editors/Creator/3.8.8/resources/resources/3d/engine/editor/assets/default_renderpipeline/builtin-pipeline.ts as cce:/internal/x/cc.
10:19:16.458 debug: Resolve cc from file:///C:/ProgramData/cocos/editors/Creator/3.8.8/resources/resources/3d/engine/editor/assets/default_renderpipeline/builtin-pipeline.ts as cce:/internal/x/cc.
10:19:16.458 debug: Resolve cc/env from file:///C:/ProgramData/cocos/editors/Creator/3.8.8/resources/resources/3d/engine/editor/assets/default_renderpipeline/builtin-pipeline.ts as external dependency cc/env.
10:19:16.459 debug: Resolve ./builtin-pipeline-types from file:///C:/ProgramData/cocos/editors/Creator/3.8.8/resources/resources/3d/engine/editor/assets/default_renderpipeline/builtin-pipeline.ts as file:///C:/ProgramData/cocos/editors/Creator/3.8.8/resources/resources/3d/engine/editor/assets/default_renderpipeline/builtin-pipeline-types.ts.
10:19:16.459 debug: Resolve cc from file:///C:/ProgramData/cocos/editors/Creator/3.8.8/resources/resources/3d/engine/editor/assets/tools/debug-view-runtime-control.ts as cce:/internal/x/cc.
10:19:16.459 debug: Resolve cc from file:///C:/ProgramData/cocos/editors/Creator/3.8.8/resources/resources/3d/engine/editor/assets/tools/debug-view-runtime-control.ts as cce:/internal/x/cc.
10:19:16.459 debug: Resolve cc from file:///C:/ProgramData/cocos/editors/Creator/3.8.8/resources/resources/3d/engine/editor/assets/tools/debug-view-runtime-control.ts as cce:/internal/x/cc.
10:19:16.459 debug: Resolve cce:/internal/code-quality/cr.mjs from file:///D:/Works/Cocos/WxMiniGames/MiniGameBallRouge/assets/scripts/Game/CommonGame/CommonGameEntry.ts as cce:/internal/code-quality/cr.mjs.
10:19:16.460 debug: Resolve cc from file:///D:/Works/Cocos/WxMiniGames/MiniGameBallRouge/assets/scripts/Game/CommonGame/CommonGameEntry.ts as cce:/internal/x/cc.
10:19:16.462 debug: Resolve ../../engine/ui/UIManager from file:///D:/Works/Cocos/WxMiniGames/MiniGameBallRouge/assets/scripts/Game/CommonGame/CommonGameEntry.ts as file:///D:/Works/Cocos/WxMiniGames/MiniGameBallRouge/assets/scripts/engine/ui/UIManager.ts.
10:19:16.462 debug: Resolve ./CommonUIConfig from file:///D:/Works/Cocos/WxMiniGames/MiniGameBallRouge/assets/scripts/Game/CommonGame/CommonGameEntry.ts as file:///D:/Works/Cocos/WxMiniGames/MiniGameBallRouge/assets/scripts/Game/CommonGame/CommonUIConfig.ts.
10:19:16.462 debug: Resolve cce:/internal/code-quality/cr.mjs from file:///D:/Works/Cocos/WxMiniGames/MiniGameBallRouge/assets/scripts/engine/ui/UIManager.ts as cce:/internal/code-quality/cr.mjs.
10:19:16.462 debug: Resolve cc from file:///D:/Works/Cocos/WxMiniGames/MiniGameBallRouge/assets/scripts/engine/ui/UIManager.ts as cce:/internal/x/cc.
10:19:16.462 debug: Resolve cc from file:///D:/Works/Cocos/WxMiniGames/MiniGameBallRouge/assets/scripts/engine/ui/UIManager.ts as cce:/internal/x/cc.
10:19:16.462 debug: Resolve cc from file:///D:/Works/Cocos/WxMiniGames/MiniGameBallRouge/assets/scripts/engine/ui/UIManager.ts as cce:/internal/x/cc.
10:19:16.463 debug: Resolve ../ResManager from file:///D:/Works/Cocos/WxMiniGames/MiniGameBallRouge/assets/scripts/engine/ui/UIManager.ts as file:///D:/Works/Cocos/WxMiniGames/MiniGameBallRouge/assets/scripts/engine/ResManager.ts.
10:19:16.463 debug: Resolve ./UIData from file:///D:/Works/Cocos/WxMiniGames/MiniGameBallRouge/assets/scripts/engine/ui/UIManager.ts as file:///D:/Works/Cocos/WxMiniGames/MiniGameBallRouge/assets/scripts/engine/ui/UIData.ts.
10:19:16.464 debug: Resolve ./UIBase from file:///D:/Works/Cocos/WxMiniGames/MiniGameBallRouge/assets/scripts/engine/ui/UIManager.ts as file:///D:/Works/Cocos/WxMiniGames/MiniGameBallRouge/assets/scripts/engine/ui/UIBase.ts.
10:19:16.464 debug: Resolve cc from file:///D:/Works/Cocos/WxMiniGames/MiniGameBallRouge/assets/scripts/engine/ResManager.ts as cce:/internal/x/cc.
10:19:16.464 debug: Resolve cc from file:///D:/Works/Cocos/WxMiniGames/MiniGameBallRouge/assets/scripts/engine/ResManager.ts as cce:/internal/x/cc.
10:19:16.464 debug: Resolve cc from file:///D:/Works/Cocos/WxMiniGames/MiniGameBallRouge/assets/scripts/engine/ResManager.ts as cce:/internal/x/cc.
10:19:16.464 debug: Resolve cce:/internal/code-quality/cr.mjs from file:///D:/Works/Cocos/WxMiniGames/MiniGameBallRouge/assets/scripts/engine/ui/UIData.ts as cce:/internal/code-quality/cr.mjs.
10:19:16.464 debug: Resolve cc from file:///D:/Works/Cocos/WxMiniGames/MiniGameBallRouge/assets/scripts/engine/ui/UIData.ts as cce:/internal/x/cc.
10:19:16.464 debug: Resolve cc from file:///D:/Works/Cocos/WxMiniGames/MiniGameBallRouge/assets/scripts/engine/ui/UIData.ts as cce:/internal/x/cc.
10:19:16.464 debug: Resolve cc from file:///D:/Works/Cocos/WxMiniGames/MiniGameBallRouge/assets/scripts/engine/ui/UIData.ts as cce:/internal/x/cc.
10:19:16.465 debug: Resolve ../ResManager from file:///D:/Works/Cocos/WxMiniGames/MiniGameBallRouge/assets/scripts/engine/ui/UIData.ts as file:///D:/Works/Cocos/WxMiniGames/MiniGameBallRouge/assets/scripts/engine/ResManager.ts.
10:19:16.465 debug: Resolve cce:/internal/code-quality/cr.mjs from file:///D:/Works/Cocos/WxMiniGames/MiniGameBallRouge/assets/scripts/engine/ui/UIBase.ts as cce:/internal/code-quality/cr.mjs.
10:19:16.465 debug: Resolve cc from file:///D:/Works/Cocos/WxMiniGames/MiniGameBallRouge/assets/scripts/engine/ui/UIBase.ts as cce:/internal/x/cc.
10:19:16.465 debug: Resolve cc from file:///D:/Works/Cocos/WxMiniGames/MiniGameBallRouge/assets/scripts/engine/ui/UIBase.ts as cce:/internal/x/cc.
10:19:16.465 debug: Resolve cc from file:///D:/Works/Cocos/WxMiniGames/MiniGameBallRouge/assets/scripts/engine/ui/UIBase.ts as cce:/internal/x/cc.
10:19:16.466 debug: Resolve ../AudioManager from file:///D:/Works/Cocos/WxMiniGames/MiniGameBallRouge/assets/scripts/engine/ui/UIBase.ts as file:///D:/Works/Cocos/WxMiniGames/MiniGameBallRouge/assets/scripts/engine/AudioManager.ts.
10:19:16.466 debug: Resolve ./UIManager from file:///D:/Works/Cocos/WxMiniGames/MiniGameBallRouge/assets/scripts/engine/ui/UIBase.ts as file:///D:/Works/Cocos/WxMiniGames/MiniGameBallRouge/assets/scripts/engine/ui/UIManager.ts.
10:19:16.466 debug: Resolve cc from file:///D:/Works/Cocos/WxMiniGames/MiniGameBallRouge/assets/scripts/engine/AudioManager.ts as cce:/internal/x/cc.
10:19:16.466 debug: Resolve cc from file:///D:/Works/Cocos/WxMiniGames/MiniGameBallRouge/assets/scripts/engine/AudioManager.ts as cce:/internal/x/cc.
10:19:16.466 debug: Resolve cc from file:///D:/Works/Cocos/WxMiniGames/MiniGameBallRouge/assets/scripts/engine/AudioManager.ts as cce:/internal/x/cc.
10:19:16.466 debug: Resolve cce:/internal/code-quality/cr.mjs from file:///D:/Works/Cocos/WxMiniGames/MiniGameBallRouge/assets/scripts/Game/CommonGame/CommonUIConfig.ts as cce:/internal/code-quality/cr.mjs.
10:19:16.466 debug: Resolve cc from file:///D:/Works/Cocos/WxMiniGames/MiniGameBallRouge/assets/scripts/Game/CommonGame/CommonUIConfig.ts as cce:/internal/x/cc.
10:19:16.467 debug: Resolve ../../engine/ui/UIData from file:///D:/Works/Cocos/WxMiniGames/MiniGameBallRouge/assets/scripts/Game/CommonGame/CommonUIConfig.ts as file:///D:/Works/Cocos/WxMiniGames/MiniGameBallRouge/assets/scripts/engine/ui/UIData.ts.
10:19:16.467 debug: Resolve cce:/internal/code-quality/cr.mjs from file:///D:/Works/Cocos/WxMiniGames/MiniGameBallRouge/assets/scripts/Game/CommonGame/CommonGameProgress.ts as cce:/internal/code-quality/cr.mjs.
10:19:16.467 debug: Resolve cc from file:///D:/Works/Cocos/WxMiniGames/MiniGameBallRouge/assets/scripts/Game/CommonGame/CommonGameProgress.ts as cce:/internal/x/cc.
10:19:16.467 debug: Resolve ../../framework/StorageManager from file:///D:/Works/Cocos/WxMiniGames/MiniGameBallRouge/assets/scripts/Game/CommonGame/CommonGameProgress.ts as file:///D:/Works/Cocos/WxMiniGames/MiniGameBallRouge/assets/scripts/framework/StorageManager.ts.
10:19:16.468 debug: Resolve cc from file:///D:/Works/Cocos/WxMiniGames/MiniGameBallRouge/assets/scripts/framework/StorageManager.ts as cce:/internal/x/cc.
10:19:16.468 debug: Resolve cce:/internal/code-quality/cr.mjs from file:///D:/Works/Cocos/WxMiniGames/MiniGameBallRouge/assets/scripts/Game/CommonGame/shader/PixelMonsterSprite.ts as cce:/internal/code-quality/cr.mjs.
10:19:16.468 debug: Resolve cc from file:///D:/Works/Cocos/WxMiniGames/MiniGameBallRouge/assets/scripts/Game/CommonGame/shader/PixelMonsterSprite.ts as cce:/internal/x/cc.
10:19:16.468 debug: Resolve cc from file:///D:/Works/Cocos/WxMiniGames/MiniGameBallRouge/assets/scripts/Game/CommonGame/shader/PixelMonsterSprite.ts as cce:/internal/x/cc.
10:19:16.468 debug: Resolve cc from file:///D:/Works/Cocos/WxMiniGames/MiniGameBallRouge/assets/scripts/Game/CommonGame/shader/PixelMonsterSprite.ts as cce:/internal/x/cc.
10:19:16.468 debug: Resolve ../../../engine/ResManager from file:///D:/Works/Cocos/WxMiniGames/MiniGameBallRouge/assets/scripts/Game/CommonGame/shader/PixelMonsterSprite.ts as file:///D:/Works/Cocos/WxMiniGames/MiniGameBallRouge/assets/scripts/engine/ResManager.ts.
10:19:16.469 debug: Resolve ../CommonUIConfig from file:///D:/Works/Cocos/WxMiniGames/MiniGameBallRouge/assets/scripts/Game/CommonGame/shader/PixelMonsterSprite.ts as file:///D:/Works/Cocos/WxMiniGames/MiniGameBallRouge/assets/scripts/Game/CommonGame/CommonUIConfig.ts.
10:19:16.469 debug: Resolve cce:/internal/code-quality/cr.mjs from file:///D:/Works/Cocos/WxMiniGames/MiniGameBallRouge/assets/scripts/Game/CommonGame/ui/AdPanel.ts as cce:/internal/code-quality/cr.mjs.
10:19:16.469 debug: Resolve cc from file:///D:/Works/Cocos/WxMiniGames/MiniGameBallRouge/assets/scripts/Game/CommonGame/ui/AdPanel.ts as cce:/internal/x/cc.
10:19:16.469 debug: Resolve cc from file:///D:/Works/Cocos/WxMiniGames/MiniGameBallRouge/assets/scripts/Game/CommonGame/ui/AdPanel.ts as cce:/internal/x/cc.
10:19:16.469 debug: Resolve cc from file:///D:/Works/Cocos/WxMiniGames/MiniGameBallRouge/assets/scripts/Game/CommonGame/ui/AdPanel.ts as cce:/internal/x/cc.
10:19:16.469 debug: Resolve ../../../engine/AdManager from file:///D:/Works/Cocos/WxMiniGames/MiniGameBallRouge/assets/scripts/Game/CommonGame/ui/AdPanel.ts as file:///D:/Works/Cocos/WxMiniGames/MiniGameBallRouge/assets/scripts/engine/AdManager.ts.
10:19:16.470 debug: Resolve ../../../engine/PlatformManager from file:///D:/Works/Cocos/WxMiniGames/MiniGameBallRouge/assets/scripts/Game/CommonGame/ui/AdPanel.ts as file:///D:/Works/Cocos/WxMiniGames/MiniGameBallRouge/assets/scripts/engine/PlatformManager.ts.
10:19:16.470 debug: Resolve ../../../engine/ui/UIBase from file:///D:/Works/Cocos/WxMiniGames/MiniGameBallRouge/assets/scripts/Game/CommonGame/ui/AdPanel.ts as file:///D:/Works/Cocos/WxMiniGames/MiniGameBallRouge/assets/scripts/engine/ui/UIBase.ts.
10:19:16.471 debug: Resolve cc from file:///D:/Works/Cocos/WxMiniGames/MiniGameBallRouge/assets/scripts/engine/AdManager.ts as cce:/internal/x/cc.
10:19:16.471 debug: Resolve cc from file:///D:/Works/Cocos/WxMiniGames/MiniGameBallRouge/assets/scripts/engine/AdManager.ts as cce:/internal/x/cc.
10:19:16.471 debug: Resolve cc from file:///D:/Works/Cocos/WxMiniGames/MiniGameBallRouge/assets/scripts/engine/AdManager.ts as cce:/internal/x/cc.
10:19:16.471 debug: Resolve cc from file:///D:/Works/Cocos/WxMiniGames/MiniGameBallRouge/assets/scripts/engine/PlatformManager.ts as cce:/internal/x/cc.
10:19:16.471 debug: Resolve cc from file:///D:/Works/Cocos/WxMiniGames/MiniGameBallRouge/assets/scripts/engine/PlatformManager.ts as cce:/internal/x/cc.
10:19:16.471 debug: Resolve cc from file:///D:/Works/Cocos/WxMiniGames/MiniGameBallRouge/assets/scripts/engine/PlatformManager.ts as cce:/internal/x/cc.
10:19:16.471 debug: Resolve cce:/internal/code-quality/cr.mjs from file:///D:/Works/Cocos/WxMiniGames/MiniGameBallRouge/assets/scripts/Game/CommonGame/ui/GamePanel.ts as cce:/internal/code-quality/cr.mjs.
10:19:16.471 debug: Resolve cc from file:///D:/Works/Cocos/WxMiniGames/MiniGameBallRouge/assets/scripts/Game/CommonGame/ui/GamePanel.ts as cce:/internal/x/cc.
10:19:16.471 debug: Resolve cc from file:///D:/Works/Cocos/WxMiniGames/MiniGameBallRouge/assets/scripts/Game/CommonGame/ui/GamePanel.ts as cce:/internal/x/cc.
10:19:16.471 debug: Resolve cc from file:///D:/Works/Cocos/WxMiniGames/MiniGameBallRouge/assets/scripts/Game/CommonGame/ui/GamePanel.ts as cce:/internal/x/cc.
10:19:16.471 debug: Resolve ../../../engine/AudioManager from file:///D:/Works/Cocos/WxMiniGames/MiniGameBallRouge/assets/scripts/Game/CommonGame/ui/GamePanel.ts as file:///D:/Works/Cocos/WxMiniGames/MiniGameBallRouge/assets/scripts/engine/AudioManager.ts.
10:19:16.472 debug: Resolve ../../../engine/PlatformManager from file:///D:/Works/Cocos/WxMiniGames/MiniGameBallRouge/assets/scripts/Game/CommonGame/ui/GamePanel.ts as file:///D:/Works/Cocos/WxMiniGames/MiniGameBallRouge/assets/scripts/engine/PlatformManager.ts.
10:19:16.472 debug: Resolve ../../../engine/ResManager from file:///D:/Works/Cocos/WxMiniGames/MiniGameBallRouge/assets/scripts/Game/CommonGame/ui/GamePanel.ts as file:///D:/Works/Cocos/WxMiniGames/MiniGameBallRouge/assets/scripts/engine/ResManager.ts.
10:19:16.473 debug: Resolve ../../../engine/ui/UIBase from file:///D:/Works/Cocos/WxMiniGames/MiniGameBallRouge/assets/scripts/Game/CommonGame/ui/GamePanel.ts as file:///D:/Works/Cocos/WxMiniGames/MiniGameBallRouge/assets/scripts/engine/ui/UIBase.ts.
10:19:16.473 debug: Resolve ../../../engine/ui/UIManager from file:///D:/Works/Cocos/WxMiniGames/MiniGameBallRouge/assets/scripts/Game/CommonGame/ui/GamePanel.ts as file:///D:/Works/Cocos/WxMiniGames/MiniGameBallRouge/assets/scripts/engine/ui/UIManager.ts.
10:19:16.474 debug: Resolve ../CommonGameProgress from file:///D:/Works/Cocos/WxMiniGames/MiniGameBallRouge/assets/scripts/Game/CommonGame/ui/GamePanel.ts as file:///D:/Works/Cocos/WxMiniGames/MiniGameBallRouge/assets/scripts/Game/CommonGame/CommonGameProgress.ts.
10:19:16.474 debug: Resolve ../CommonUIConfig from file:///D:/Works/Cocos/WxMiniGames/MiniGameBallRouge/assets/scripts/Game/CommonGame/ui/GamePanel.ts as file:///D:/Works/Cocos/WxMiniGames/MiniGameBallRouge/assets/scripts/Game/CommonGame/CommonUIConfig.ts.
10:19:16.474 debug: Resolve cce:/internal/code-quality/cr.mjs from file:///D:/Works/Cocos/WxMiniGames/MiniGameBallRouge/assets/scripts/Game/CommonGame/ui/LoadingPanel.ts as cce:/internal/code-quality/cr.mjs.
10:19:16.475 debug: Resolve cc from file:///D:/Works/Cocos/WxMiniGames/MiniGameBallRouge/assets/scripts/Game/CommonGame/ui/LoadingPanel.ts as cce:/internal/x/cc.
10:19:16.475 debug: Resolve cc from file:///D:/Works/Cocos/WxMiniGames/MiniGameBallRouge/assets/scripts/Game/CommonGame/ui/LoadingPanel.ts as cce:/internal/x/cc.
10:19:16.475 debug: Resolve cc from file:///D:/Works/Cocos/WxMiniGames/MiniGameBallRouge/assets/scripts/Game/CommonGame/ui/LoadingPanel.ts as cce:/internal/x/cc.
10:19:16.475 debug: Resolve ../../../engine/ResManager from file:///D:/Works/Cocos/WxMiniGames/MiniGameBallRouge/assets/scripts/Game/CommonGame/ui/LoadingPanel.ts as file:///D:/Works/Cocos/WxMiniGames/MiniGameBallRouge/assets/scripts/engine/ResManager.ts.
10:19:16.476 debug: Resolve ../../../engine/ui/UIBase from file:///D:/Works/Cocos/WxMiniGames/MiniGameBallRouge/assets/scripts/Game/CommonGame/ui/LoadingPanel.ts as file:///D:/Works/Cocos/WxMiniGames/MiniGameBallRouge/assets/scripts/engine/ui/UIBase.ts.
10:19:16.476 debug: Resolve ../../../engine/ui/UIManager from file:///D:/Works/Cocos/WxMiniGames/MiniGameBallRouge/assets/scripts/Game/CommonGame/ui/LoadingPanel.ts as file:///D:/Works/Cocos/WxMiniGames/MiniGameBallRouge/assets/scripts/engine/ui/UIManager.ts.
10:19:16.476 debug: Resolve ../../../framework/FrameworkConst from file:///D:/Works/Cocos/WxMiniGames/MiniGameBallRouge/assets/scripts/Game/CommonGame/ui/LoadingPanel.ts as file:///D:/Works/Cocos/WxMiniGames/MiniGameBallRouge/assets/scripts/framework/FrameworkConst.ts.
10:19:16.477 debug: Resolve ../CommonUIConfig from file:///D:/Works/Cocos/WxMiniGames/MiniGameBallRouge/assets/scripts/Game/CommonGame/ui/LoadingPanel.ts as file:///D:/Works/Cocos/WxMiniGames/MiniGameBallRouge/assets/scripts/Game/CommonGame/CommonUIConfig.ts.
10:19:16.477 debug: Resolve cc from file:///D:/Works/Cocos/WxMiniGames/MiniGameBallRouge/assets/scripts/framework/FrameworkConst.ts as cce:/internal/x/cc.
10:19:16.477 debug: Resolve cce:/internal/code-quality/cr.mjs from file:///D:/Works/Cocos/WxMiniGames/MiniGameBallRouge/assets/scripts/Game/CommonGame/ui/LoginPanel.ts as cce:/internal/code-quality/cr.mjs.
10:19:16.477 debug: Resolve cc from file:///D:/Works/Cocos/WxMiniGames/MiniGameBallRouge/assets/scripts/Game/CommonGame/ui/LoginPanel.ts as cce:/internal/x/cc.
10:19:16.477 debug: Resolve cc from file:///D:/Works/Cocos/WxMiniGames/MiniGameBallRouge/assets/scripts/Game/CommonGame/ui/LoginPanel.ts as cce:/internal/x/cc.
10:19:16.477 debug: Resolve cc from file:///D:/Works/Cocos/WxMiniGames/MiniGameBallRouge/assets/scripts/Game/CommonGame/ui/LoginPanel.ts as cce:/internal/x/cc.
10:19:16.478 debug: Resolve ../../../engine/PlatformManager from file:///D:/Works/Cocos/WxMiniGames/MiniGameBallRouge/assets/scripts/Game/CommonGame/ui/LoginPanel.ts as file:///D:/Works/Cocos/WxMiniGames/MiniGameBallRouge/assets/scripts/engine/PlatformManager.ts.
10:19:16.478 debug: Resolve ../../../engine/ResManager from file:///D:/Works/Cocos/WxMiniGames/MiniGameBallRouge/assets/scripts/Game/CommonGame/ui/LoginPanel.ts as file:///D:/Works/Cocos/WxMiniGames/MiniGameBallRouge/assets/scripts/engine/ResManager.ts.
10:19:16.479 debug: Resolve ../../../engine/ui/UIBase from file:///D:/Works/Cocos/WxMiniGames/MiniGameBallRouge/assets/scripts/Game/CommonGame/ui/LoginPanel.ts as file:///D:/Works/Cocos/WxMiniGames/MiniGameBallRouge/assets/scripts/engine/ui/UIBase.ts.
10:19:16.479 debug: Resolve ../../../engine/ui/UIManager from file:///D:/Works/Cocos/WxMiniGames/MiniGameBallRouge/assets/scripts/Game/CommonGame/ui/LoginPanel.ts as file:///D:/Works/Cocos/WxMiniGames/MiniGameBallRouge/assets/scripts/engine/ui/UIManager.ts.
10:19:16.480 debug: Resolve ../../../framework/FrameworkConst from file:///D:/Works/Cocos/WxMiniGames/MiniGameBallRouge/assets/scripts/Game/CommonGame/ui/LoginPanel.ts as file:///D:/Works/Cocos/WxMiniGames/MiniGameBallRouge/assets/scripts/framework/FrameworkConst.ts.
10:19:16.522 debug: Resolve ../CommonUIConfig from file:///D:/Works/Cocos/WxMiniGames/MiniGameBallRouge/assets/scripts/Game/CommonGame/ui/LoginPanel.ts as file:///D:/Works/Cocos/WxMiniGames/MiniGameBallRouge/assets/scripts/Game/CommonGame/CommonUIConfig.ts.
10:19:16.522 debug: Resolve cce:/internal/code-quality/cr.mjs from file:///D:/Works/Cocos/WxMiniGames/MiniGameBallRouge/assets/scripts/Game/CommonGame/ui/MainPage.ts as cce:/internal/code-quality/cr.mjs.
10:19:16.522 debug: Resolve cc from file:///D:/Works/Cocos/WxMiniGames/MiniGameBallRouge/assets/scripts/Game/CommonGame/ui/MainPage.ts as cce:/internal/x/cc.
10:19:16.522 debug: Resolve cc from file:///D:/Works/Cocos/WxMiniGames/MiniGameBallRouge/assets/scripts/Game/CommonGame/ui/MainPage.ts as cce:/internal/x/cc.
10:19:16.522 debug: Resolve cc from file:///D:/Works/Cocos/WxMiniGames/MiniGameBallRouge/assets/scripts/Game/CommonGame/ui/MainPage.ts as cce:/internal/x/cc.
10:19:16.522 debug: Resolve ../../../engine/PlatformManager from file:///D:/Works/Cocos/WxMiniGames/MiniGameBallRouge/assets/scripts/Game/CommonGame/ui/MainPage.ts as file:///D:/Works/Cocos/WxMiniGames/MiniGameBallRouge/assets/scripts/engine/PlatformManager.ts.
10:19:16.522 debug: Resolve ../../../engine/ui/UIBase from file:///D:/Works/Cocos/WxMiniGames/MiniGameBallRouge/assets/scripts/Game/CommonGame/ui/MainPage.ts as file:///D:/Works/Cocos/WxMiniGames/MiniGameBallRouge/assets/scripts/engine/ui/UIBase.ts.
10:19:16.522 debug: Resolve ../../../engine/ui/UIManager from file:///D:/Works/Cocos/WxMiniGames/MiniGameBallRouge/assets/scripts/Game/CommonGame/ui/MainPage.ts as file:///D:/Works/Cocos/WxMiniGames/MiniGameBallRouge/assets/scripts/engine/ui/UIManager.ts.
10:19:16.522 debug: Resolve ../CommonGameProgress from file:///D:/Works/Cocos/WxMiniGames/MiniGameBallRouge/assets/scripts/Game/CommonGame/ui/MainPage.ts as file:///D:/Works/Cocos/WxMiniGames/MiniGameBallRouge/assets/scripts/Game/CommonGame/CommonGameProgress.ts.
10:19:16.522 debug: Resolve ../CommonUIConfig from file:///D:/Works/Cocos/WxMiniGames/MiniGameBallRouge/assets/scripts/Game/CommonGame/ui/MainPage.ts as file:///D:/Works/Cocos/WxMiniGames/MiniGameBallRouge/assets/scripts/Game/CommonGame/CommonUIConfig.ts.
10:19:16.522 debug: Resolve cce:/internal/code-quality/cr.mjs from file:///D:/Works/Cocos/WxMiniGames/MiniGameBallRouge/assets/scripts/Game/CommonGame/ui/MainPanel.ts as cce:/internal/code-quality/cr.mjs.
10:19:16.522 debug: Resolve cc from file:///D:/Works/Cocos/WxMiniGames/MiniGameBallRouge/assets/scripts/Game/CommonGame/ui/MainPanel.ts as cce:/internal/x/cc.
10:19:16.522 debug: Resolve cc from file:///D:/Works/Cocos/WxMiniGames/MiniGameBallRouge/assets/scripts/Game/CommonGame/ui/MainPanel.ts as cce:/internal/x/cc.
10:19:16.522 debug: Resolve cc from file:///D:/Works/Cocos/WxMiniGames/MiniGameBallRouge/assets/scripts/Game/CommonGame/ui/MainPanel.ts as cce:/internal/x/cc.
10:19:16.522 debug: Resolve ../../../engine/ui/UIBase from file:///D:/Works/Cocos/WxMiniGames/MiniGameBallRouge/assets/scripts/Game/CommonGame/ui/MainPanel.ts as file:///D:/Works/Cocos/WxMiniGames/MiniGameBallRouge/assets/scripts/engine/ui/UIBase.ts.
10:19:16.522 debug: Resolve ../../../framework/FrameworkConst from file:///D:/Works/Cocos/WxMiniGames/MiniGameBallRouge/assets/scripts/Game/CommonGame/ui/MainPanel.ts as file:///D:/Works/Cocos/WxMiniGames/MiniGameBallRouge/assets/scripts/framework/FrameworkConst.ts.
10:19:16.522 debug: Resolve cce:/internal/code-quality/cr.mjs from file:///D:/Works/Cocos/WxMiniGames/MiniGameBallRouge/assets/scripts/Game/CommonGame/ui/PausePanel.ts as cce:/internal/code-quality/cr.mjs.
10:19:16.522 debug: Resolve cc from file:///D:/Works/Cocos/WxMiniGames/MiniGameBallRouge/assets/scripts/Game/CommonGame/ui/PausePanel.ts as cce:/internal/x/cc.
10:19:16.522 debug: Resolve cc from file:///D:/Works/Cocos/WxMiniGames/MiniGameBallRouge/assets/scripts/Game/CommonGame/ui/PausePanel.ts as cce:/internal/x/cc.
10:19:16.522 debug: Resolve cc from file:///D:/Works/Cocos/WxMiniGames/MiniGameBallRouge/assets/scripts/Game/CommonGame/ui/PausePanel.ts as cce:/internal/x/cc.
10:19:16.522 debug: Resolve ../../../engine/ui/UIBase from file:///D:/Works/Cocos/WxMiniGames/MiniGameBallRouge/assets/scripts/Game/CommonGame/ui/PausePanel.ts as file:///D:/Works/Cocos/WxMiniGames/MiniGameBallRouge/assets/scripts/engine/ui/UIBase.ts.
10:19:16.522 debug: Resolve ../../../engine/ui/UIManager from file:///D:/Works/Cocos/WxMiniGames/MiniGameBallRouge/assets/scripts/Game/CommonGame/ui/PausePanel.ts as file:///D:/Works/Cocos/WxMiniGames/MiniGameBallRouge/assets/scripts/engine/ui/UIManager.ts.
10:19:16.522 debug: Resolve ../CommonUIConfig from file:///D:/Works/Cocos/WxMiniGames/MiniGameBallRouge/assets/scripts/Game/CommonGame/ui/PausePanel.ts as file:///D:/Works/Cocos/WxMiniGames/MiniGameBallRouge/assets/scripts/Game/CommonGame/CommonUIConfig.ts.
10:19:16.522 debug: Resolve cce:/internal/code-quality/cr.mjs from file:///D:/Works/Cocos/WxMiniGames/MiniGameBallRouge/assets/scripts/Game/CommonGame/ui/RankPanel.ts as cce:/internal/code-quality/cr.mjs.
10:19:16.522 debug: Resolve cc from file:///D:/Works/Cocos/WxMiniGames/MiniGameBallRouge/assets/scripts/Game/CommonGame/ui/RankPanel.ts as cce:/internal/x/cc.
10:19:16.522 debug: Resolve cc from file:///D:/Works/Cocos/WxMiniGames/MiniGameBallRouge/assets/scripts/Game/CommonGame/ui/RankPanel.ts as cce:/internal/x/cc.
10:19:16.522 debug: Resolve cc from file:///D:/Works/Cocos/WxMiniGames/MiniGameBallRouge/assets/scripts/Game/CommonGame/ui/RankPanel.ts as cce:/internal/x/cc.
10:19:16.522 debug: Resolve ../../../engine/PlatformManager from file:///D:/Works/Cocos/WxMiniGames/MiniGameBallRouge/assets/scripts/Game/CommonGame/ui/RankPanel.ts as file:///D:/Works/Cocos/WxMiniGames/MiniGameBallRouge/assets/scripts/engine/PlatformManager.ts.
10:19:16.522 debug: Resolve ../../../engine/ui/UIBase from file:///D:/Works/Cocos/WxMiniGames/MiniGameBallRouge/assets/scripts/Game/CommonGame/ui/RankPanel.ts as file:///D:/Works/Cocos/WxMiniGames/MiniGameBallRouge/assets/scripts/engine/ui/UIBase.ts.
10:19:16.522 debug: Resolve cce:/internal/code-quality/cr.mjs from file:///D:/Works/Cocos/WxMiniGames/MiniGameBallRouge/assets/scripts/Game/CommonGame/ui/TransitionPanel.ts as cce:/internal/code-quality/cr.mjs.
10:19:16.522 debug: Resolve cc from file:///D:/Works/Cocos/WxMiniGames/MiniGameBallRouge/assets/scripts/Game/CommonGame/ui/TransitionPanel.ts as cce:/internal/x/cc.
10:19:16.522 debug: Resolve cc from file:///D:/Works/Cocos/WxMiniGames/MiniGameBallRouge/assets/scripts/Game/CommonGame/ui/TransitionPanel.ts as cce:/internal/x/cc.
10:19:16.522 debug: Resolve cc from file:///D:/Works/Cocos/WxMiniGames/MiniGameBallRouge/assets/scripts/Game/CommonGame/ui/TransitionPanel.ts as cce:/internal/x/cc.
10:19:16.522 debug: Resolve ../../../engine/ui/UIBase from file:///D:/Works/Cocos/WxMiniGames/MiniGameBallRouge/assets/scripts/Game/CommonGame/ui/TransitionPanel.ts as file:///D:/Works/Cocos/WxMiniGames/MiniGameBallRouge/assets/scripts/engine/ui/UIBase.ts.
10:19:16.522 debug: Resolve ../../../engine/ui/UIManager from file:///D:/Works/Cocos/WxMiniGames/MiniGameBallRouge/assets/scripts/Game/CommonGame/ui/TransitionPanel.ts as file:///D:/Works/Cocos/WxMiniGames/MiniGameBallRouge/assets/scripts/engine/ui/UIManager.ts.
10:19:16.522 debug: Resolve ../CommonUIConfig from file:///D:/Works/Cocos/WxMiniGames/MiniGameBallRouge/assets/scripts/Game/CommonGame/ui/TransitionPanel.ts as file:///D:/Works/Cocos/WxMiniGames/MiniGameBallRouge/assets/scripts/Game/CommonGame/CommonUIConfig.ts.
10:19:16.522 debug: Resolve cc from file:///D:/Works/Cocos/WxMiniGames/MiniGameBallRouge/assets/scripts/engine/ConfigManager.ts as cce:/internal/x/cc.
10:19:16.522 debug: Resolve cc from file:///D:/Works/Cocos/WxMiniGames/MiniGameBallRouge/assets/scripts/engine/FlatBuffersRuntime.ts as cce:/internal/x/cc.
10:19:16.522 debug: Resolve cc from file:///D:/Works/Cocos/WxMiniGames/MiniGameBallRouge/assets/scripts/engine/FlatBuffersRuntime.ts as cce:/internal/x/cc.
10:19:16.522 debug: Resolve cc from file:///D:/Works/Cocos/WxMiniGames/MiniGameBallRouge/assets/scripts/engine/FlatBuffersRuntime.ts as cce:/internal/x/cc.
10:19:16.522 debug: Resolve cce:/internal/code-quality/cr.mjs from file:///D:/Works/Cocos/WxMiniGames/MiniGameBallRouge/assets/scripts/engine/GameManager.ts as cce:/internal/code-quality/cr.mjs.
10:19:16.522 debug: Resolve cc from file:///D:/Works/Cocos/WxMiniGames/MiniGameBallRouge/assets/scripts/engine/GameManager.ts as cce:/internal/x/cc.
10:19:16.522 debug: Resolve cc from file:///D:/Works/Cocos/WxMiniGames/MiniGameBallRouge/assets/scripts/engine/GameManager.ts as cce:/internal/x/cc.
10:19:16.522 debug: Resolve cc from file:///D:/Works/Cocos/WxMiniGames/MiniGameBallRouge/assets/scripts/engine/GameManager.ts as cce:/internal/x/cc.
10:19:16.522 debug: Resolve ./ui/UIManager from file:///D:/Works/Cocos/WxMiniGames/MiniGameBallRouge/assets/scripts/engine/GameManager.ts as file:///D:/Works/Cocos/WxMiniGames/MiniGameBallRouge/assets/scripts/engine/ui/UIManager.ts.
10:19:16.522 debug: Resolve ./AudioManager from file:///D:/Works/Cocos/WxMiniGames/MiniGameBallRouge/assets/scripts/engine/GameManager.ts as file:///D:/Works/Cocos/WxMiniGames/MiniGameBallRouge/assets/scripts/engine/AudioManager.ts.
10:19:16.522 debug: Resolve ./ResManager from file:///D:/Works/Cocos/WxMiniGames/MiniGameBallRouge/assets/scripts/engine/GameManager.ts as file:///D:/Works/Cocos/WxMiniGames/MiniGameBallRouge/assets/scripts/engine/ResManager.ts.
10:19:16.523 debug: Resolve ./NodePool from file:///D:/Works/Cocos/WxMiniGames/MiniGameBallRouge/assets/scripts/engine/GameManager.ts as file:///D:/Works/Cocos/WxMiniGames/MiniGameBallRouge/assets/scripts/engine/NodePool.ts.
10:19:16.523 debug: Resolve ./ConfigManager from file:///D:/Works/Cocos/WxMiniGames/MiniGameBallRouge/assets/scripts/engine/GameManager.ts as file:///D:/Works/Cocos/WxMiniGames/MiniGameBallRouge/assets/scripts/engine/ConfigManager.ts.
10:19:16.523 debug: Resolve ./FlatBuffersRuntime from file:///D:/Works/Cocos/WxMiniGames/MiniGameBallRouge/assets/scripts/engine/GameManager.ts as file:///D:/Works/Cocos/WxMiniGames/MiniGameBallRouge/assets/scripts/engine/FlatBuffersRuntime.ts.
10:19:16.523 debug: Resolve ./AdManager from file:///D:/Works/Cocos/WxMiniGames/MiniGameBallRouge/assets/scripts/engine/GameManager.ts as file:///D:/Works/Cocos/WxMiniGames/MiniGameBallRouge/assets/scripts/engine/AdManager.ts.
10:19:16.523 debug: Resolve ../framework/TimerManager from file:///D:/Works/Cocos/WxMiniGames/MiniGameBallRouge/assets/scripts/engine/GameManager.ts as file:///D:/Works/Cocos/WxMiniGames/MiniGameBallRouge/assets/scripts/framework/TimerManager.ts.
10:19:16.523 debug: Resolve ../framework/StorageManager from file:///D:/Works/Cocos/WxMiniGames/MiniGameBallRouge/assets/scripts/engine/GameManager.ts as file:///D:/Works/Cocos/WxMiniGames/MiniGameBallRouge/assets/scripts/framework/StorageManager.ts.
10:19:16.523 debug: Resolve ../framework/ObjectPool from file:///D:/Works/Cocos/WxMiniGames/MiniGameBallRouge/assets/scripts/engine/GameManager.ts as file:///D:/Works/Cocos/WxMiniGames/MiniGameBallRouge/assets/scripts/framework/ObjectPool.ts.
10:19:16.523 debug: Resolve ../framework/EventManager from file:///D:/Works/Cocos/WxMiniGames/MiniGameBallRouge/assets/scripts/engine/GameManager.ts as file:///D:/Works/Cocos/WxMiniGames/MiniGameBallRouge/assets/scripts/framework/EventManager.ts.
10:19:16.523 debug: Resolve ../framework/FrameworkEvent from file:///D:/Works/Cocos/WxMiniGames/MiniGameBallRouge/assets/scripts/engine/GameManager.ts as file:///D:/Works/Cocos/WxMiniGames/MiniGameBallRouge/assets/scripts/framework/FrameworkEvent.ts.
10:19:16.523 debug: Resolve cc from file:///D:/Works/Cocos/WxMiniGames/MiniGameBallRouge/assets/scripts/engine/NodePool.ts as cce:/internal/x/cc.
10:19:16.523 debug: Resolve cc from file:///D:/Works/Cocos/WxMiniGames/MiniGameBallRouge/assets/scripts/engine/NodePool.ts as cce:/internal/x/cc.
10:19:16.523 debug: Resolve cc from file:///D:/Works/Cocos/WxMiniGames/MiniGameBallRouge/assets/scripts/engine/NodePool.ts as cce:/internal/x/cc.
10:19:16.523 debug: Resolve cc from file:///D:/Works/Cocos/WxMiniGames/MiniGameBallRouge/assets/scripts/framework/TimerManager.ts as cce:/internal/x/cc.
10:19:16.523 debug: Resolve cc from file:///D:/Works/Cocos/WxMiniGames/MiniGameBallRouge/assets/scripts/framework/ObjectPool.ts as cce:/internal/x/cc.
10:19:16.523 debug: Resolve cc from file:///D:/Works/Cocos/WxMiniGames/MiniGameBallRouge/assets/scripts/framework/EventManager.ts as cce:/internal/x/cc.
10:19:16.523 debug: Resolve cc from file:///D:/Works/Cocos/WxMiniGames/MiniGameBallRouge/assets/scripts/framework/FrameworkEvent.ts as cce:/internal/x/cc.
10:19:16.523 debug: Resolve cce:/internal/code-quality/cr.mjs from file:///D:/Works/Cocos/WxMiniGames/MiniGameBallRouge/assets/scripts/engine/Launcher.ts as cce:/internal/code-quality/cr.mjs.
10:19:16.523 debug: Resolve cc from file:///D:/Works/Cocos/WxMiniGames/MiniGameBallRouge/assets/scripts/engine/Launcher.ts as cce:/internal/x/cc.
10:19:16.523 debug: Resolve cc from file:///D:/Works/Cocos/WxMiniGames/MiniGameBallRouge/assets/scripts/engine/Launcher.ts as cce:/internal/x/cc.
10:19:16.523 debug: Resolve cc from file:///D:/Works/Cocos/WxMiniGames/MiniGameBallRouge/assets/scripts/engine/Launcher.ts as cce:/internal/x/cc.
10:19:16.523 debug: Resolve ./ScreenAdapter from file:///D:/Works/Cocos/WxMiniGames/MiniGameBallRouge/assets/scripts/engine/Launcher.ts as file:///D:/Works/Cocos/WxMiniGames/MiniGameBallRouge/assets/scripts/engine/ScreenAdapter.ts.
10:19:16.523 debug: Resolve ./GameManager from file:///D:/Works/Cocos/WxMiniGames/MiniGameBallRouge/assets/scripts/engine/Launcher.ts as file:///D:/Works/Cocos/WxMiniGames/MiniGameBallRouge/assets/scripts/engine/GameManager.ts.
10:19:16.523 debug: Resolve ../Game/CommonGame/CommonGameEntry from file:///D:/Works/Cocos/WxMiniGames/MiniGameBallRouge/assets/scripts/engine/Launcher.ts as file:///D:/Works/Cocos/WxMiniGames/MiniGameBallRouge/assets/scripts/Game/CommonGame/CommonGameEntry.ts.
10:19:16.523 debug: Resolve ./PlatformManager from file:///D:/Works/Cocos/WxMiniGames/MiniGameBallRouge/assets/scripts/engine/Launcher.ts as file:///D:/Works/Cocos/WxMiniGames/MiniGameBallRouge/assets/scripts/engine/PlatformManager.ts.
10:19:16.523 debug: Resolve cc from file:///D:/Works/Cocos/WxMiniGames/MiniGameBallRouge/assets/scripts/engine/ScreenAdapter.ts as cce:/internal/x/cc.
10:19:16.523 debug: Resolve cc from file:///D:/Works/Cocos/WxMiniGames/MiniGameBallRouge/assets/scripts/engine/ScreenAdapter.ts as cce:/internal/x/cc.
10:19:16.523 debug: Resolve cc from file:///D:/Works/Cocos/WxMiniGames/MiniGameBallRouge/assets/scripts/engine/ScreenAdapter.ts as cce:/internal/x/cc.
10:19:16.523 debug: Resolve cce:/internal/code-quality/cr.mjs from file:///D:/Works/Cocos/WxMiniGames/MiniGameBallRouge/assets/scripts/framework/TypeFactory.ts as cce:/internal/code-quality/cr.mjs.
10:19:16.523 debug: Resolve cc from file:///D:/Works/Cocos/WxMiniGames/MiniGameBallRouge/assets/scripts/framework/TypeFactory.ts as cce:/internal/x/cc.
10:19:16.523 debug: Resolve cc from file:///D:/Works/Cocos/WxMiniGames/MiniGameBallRouge/assets/scripts/framework/TypeRegistry.ts as cce:/internal/x/cc.
10:19:16.529 debug: Target(preview) ends with cost 2200.2011999999995ms.
10:19:19.179 debug: Pulling asset-db.
10:19:19.448 debug: Fetch asset-db cost: 267.7374999999993ms.
10:19:19.450 debug: Build iteration starts.
Number of accumulated asset changes: 40
Feature changed: false
10:19:19.450 debug: Target(editor) build started.
10:19:19.453 debug: Detected change: cce:/internal/x/prerequisite-imports. Last mtime: Thu Jan 01 1970 08:00:09 GMT+0800 (香港标准时间), Current mtime: Thu Jan 01 1970 08:00:16 GMT+0800 (香港标准时间)
10:19:19.453 debug: Inspect cce:/internal/x/prerequisite-imports
10:19:19.480 debug: transform url: 'cce:/internal/x/prerequisite-imports' costs: 27.60 ms
10:19:19.482 debug: Resolve file:///C:/ProgramData/cocos/editors/Creator/3.8.8/resources/resources/3d/engine/editor/assets/default_renderpipeline/builtin-dof-pass.ts from cce:/internal/x/prerequisite-imports as file:///C:/ProgramData/cocos/editors/Creator/3.8.8/resources/resources/3d/engine/editor/assets/default_renderpipeline/builtin-dof-pass.ts.
10:19:19.483 debug: Resolve file:///C:/ProgramData/cocos/editors/Creator/3.8.8/resources/resources/3d/engine/editor/assets/default_renderpipeline/builtin-pipeline-pass.ts from cce:/internal/x/prerequisite-imports as file:///C:/ProgramData/cocos/editors/Creator/3.8.8/resources/resources/3d/engine/editor/assets/default_renderpipeline/builtin-pipeline-pass.ts.
10:19:19.483 debug: Resolve file:///C:/ProgramData/cocos/editors/Creator/3.8.8/resources/resources/3d/engine/editor/assets/default_renderpipeline/builtin-pipeline-settings.ts from cce:/internal/x/prerequisite-imports as file:///C:/ProgramData/cocos/editors/Creator/3.8.8/resources/resources/3d/engine/editor/assets/default_renderpipeline/builtin-pipeline-settings.ts.
10:19:19.484 debug: Resolve file:///C:/ProgramData/cocos/editors/Creator/3.8.8/resources/resources/3d/engine/editor/assets/default_renderpipeline/builtin-pipeline-types.ts from cce:/internal/x/prerequisite-imports as file:///C:/ProgramData/cocos/editors/Creator/3.8.8/resources/resources/3d/engine/editor/assets/default_renderpipeline/builtin-pipeline-types.ts.
10:19:19.485 debug: Resolve file:///C:/ProgramData/cocos/editors/Creator/3.8.8/resources/resources/3d/engine/editor/assets/default_renderpipeline/builtin-pipeline.ts from cce:/internal/x/prerequisite-imports as file:///C:/ProgramData/cocos/editors/Creator/3.8.8/resources/resources/3d/engine/editor/assets/default_renderpipeline/builtin-pipeline.ts.
10:19:19.486 debug: Resolve file:///C:/ProgramData/cocos/editors/Creator/3.8.8/resources/resources/3d/engine/editor/assets/tools/debug-view-runtime-control.ts from cce:/internal/x/prerequisite-imports as file:///C:/ProgramData/cocos/editors/Creator/3.8.8/resources/resources/3d/engine/editor/assets/tools/debug-view-runtime-control.ts.
10:19:19.486 debug: Resolve file:///D:/Works/Cocos/WxMiniGames/MiniGameBallRouge/assets/scripts/Game/CommonGame/CommonGameEntry.ts from cce:/internal/x/prerequisite-imports as file:///D:/Works/Cocos/WxMiniGames/MiniGameBallRouge/assets/scripts/Game/CommonGame/CommonGameEntry.ts.
10:19:19.487 debug: Resolve file:///D:/Works/Cocos/WxMiniGames/MiniGameBallRouge/assets/scripts/Game/CommonGame/CommonGameProgress.ts from cce:/internal/x/prerequisite-imports as file:///D:/Works/Cocos/WxMiniGames/MiniGameBallRouge/assets/scripts/Game/CommonGame/CommonGameProgress.ts.
10:19:19.487 debug: Resolve file:///D:/Works/Cocos/WxMiniGames/MiniGameBallRouge/assets/scripts/Game/CommonGame/CommonUIConfig.ts from cce:/internal/x/prerequisite-imports as file:///D:/Works/Cocos/WxMiniGames/MiniGameBallRouge/assets/scripts/Game/CommonGame/CommonUIConfig.ts.
10:19:19.487 debug: Resolve file:///D:/Works/Cocos/WxMiniGames/MiniGameBallRouge/assets/scripts/Game/CommonGame/shader/PixelMonsterSprite.ts from cce:/internal/x/prerequisite-imports as file:///D:/Works/Cocos/WxMiniGames/MiniGameBallRouge/assets/scripts/Game/CommonGame/shader/PixelMonsterSprite.ts.
10:19:19.488 debug: Resolve file:///D:/Works/Cocos/WxMiniGames/MiniGameBallRouge/assets/scripts/Game/CommonGame/ui/AdPanel.ts from cce:/internal/x/prerequisite-imports as file:///D:/Works/Cocos/WxMiniGames/MiniGameBallRouge/assets/scripts/Game/CommonGame/ui/AdPanel.ts.
10:19:19.488 debug: Resolve file:///D:/Works/Cocos/WxMiniGames/MiniGameBallRouge/assets/scripts/Game/CommonGame/ui/GamePanel.ts from cce:/internal/x/prerequisite-imports as file:///D:/Works/Cocos/WxMiniGames/MiniGameBallRouge/assets/scripts/Game/CommonGame/ui/GamePanel.ts.
10:19:19.489 debug: Resolve file:///D:/Works/Cocos/WxMiniGames/MiniGameBallRouge/assets/scripts/Game/CommonGame/ui/LoadingPanel.ts from cce:/internal/x/prerequisite-imports as file:///D:/Works/Cocos/WxMiniGames/MiniGameBallRouge/assets/scripts/Game/CommonGame/ui/LoadingPanel.ts.
10:19:19.489 debug: Resolve file:///D:/Works/Cocos/WxMiniGames/MiniGameBallRouge/assets/scripts/Game/CommonGame/ui/LoginPanel.ts from cce:/internal/x/prerequisite-imports as file:///D:/Works/Cocos/WxMiniGames/MiniGameBallRouge/assets/scripts/Game/CommonGame/ui/LoginPanel.ts.
10:19:19.490 debug: Resolve file:///D:/Works/Cocos/WxMiniGames/MiniGameBallRouge/assets/scripts/Game/CommonGame/ui/MainPage.ts from cce:/internal/x/prerequisite-imports as file:///D:/Works/Cocos/WxMiniGames/MiniGameBallRouge/assets/scripts/Game/CommonGame/ui/MainPage.ts.
10:19:19.491 debug: Resolve file:///D:/Works/Cocos/WxMiniGames/MiniGameBallRouge/assets/scripts/Game/CommonGame/ui/MainPanel.ts from cce:/internal/x/prerequisite-imports as file:///D:/Works/Cocos/WxMiniGames/MiniGameBallRouge/assets/scripts/Game/CommonGame/ui/MainPanel.ts.
10:19:19.491 debug: Resolve file:///D:/Works/Cocos/WxMiniGames/MiniGameBallRouge/assets/scripts/Game/CommonGame/ui/PausePanel.ts from cce:/internal/x/prerequisite-imports as file:///D:/Works/Cocos/WxMiniGames/MiniGameBallRouge/assets/scripts/Game/CommonGame/ui/PausePanel.ts.
10:19:19.492 debug: Resolve file:///D:/Works/Cocos/WxMiniGames/MiniGameBallRouge/assets/scripts/Game/CommonGame/ui/RankPanel.ts from cce:/internal/x/prerequisite-imports as file:///D:/Works/Cocos/WxMiniGames/MiniGameBallRouge/assets/scripts/Game/CommonGame/ui/RankPanel.ts.
10:19:19.492 debug: Resolve file:///D:/Works/Cocos/WxMiniGames/MiniGameBallRouge/assets/scripts/Game/CommonGame/ui/TransitionPanel.ts from cce:/internal/x/prerequisite-imports as file:///D:/Works/Cocos/WxMiniGames/MiniGameBallRouge/assets/scripts/Game/CommonGame/ui/TransitionPanel.ts.
10:19:19.493 debug: Resolve file:///D:/Works/Cocos/WxMiniGames/MiniGameBallRouge/assets/scripts/engine/AdManager.ts from cce:/internal/x/prerequisite-imports as file:///D:/Works/Cocos/WxMiniGames/MiniGameBallRouge/assets/scripts/engine/AdManager.ts.
10:19:19.493 debug: Resolve file:///D:/Works/Cocos/WxMiniGames/MiniGameBallRouge/assets/scripts/engine/AudioManager.ts from cce:/internal/x/prerequisite-imports as file:///D:/Works/Cocos/WxMiniGames/MiniGameBallRouge/assets/scripts/engine/AudioManager.ts.
10:19:19.494 debug: Resolve file:///D:/Works/Cocos/WxMiniGames/MiniGameBallRouge/assets/scripts/engine/ConfigManager.ts from cce:/internal/x/prerequisite-imports as file:///D:/Works/Cocos/WxMiniGames/MiniGameBallRouge/assets/scripts/engine/ConfigManager.ts.
10:19:19.494 debug: Resolve file:///D:/Works/Cocos/WxMiniGames/MiniGameBallRouge/assets/scripts/engine/FlatBuffersRuntime.ts from cce:/internal/x/prerequisite-imports as file:///D:/Works/Cocos/WxMiniGames/MiniGameBallRouge/assets/scripts/engine/FlatBuffersRuntime.ts.
10:19:19.494 debug: Resolve file:///D:/Works/Cocos/WxMiniGames/MiniGameBallRouge/assets/scripts/engine/GameManager.ts from cce:/internal/x/prerequisite-imports as file:///D:/Works/Cocos/WxMiniGames/MiniGameBallRouge/assets/scripts/engine/GameManager.ts.
10:19:19.495 debug: Resolve file:///D:/Works/Cocos/WxMiniGames/MiniGameBallRouge/assets/scripts/engine/Launcher.ts from cce:/internal/x/prerequisite-imports as file:///D:/Works/Cocos/WxMiniGames/MiniGameBallRouge/assets/scripts/engine/Launcher.ts.
10:19:19.495 debug: Resolve file:///D:/Works/Cocos/WxMiniGames/MiniGameBallRouge/assets/scripts/engine/NodePool.ts from cce:/internal/x/prerequisite-imports as file:///D:/Works/Cocos/WxMiniGames/MiniGameBallRouge/assets/scripts/engine/NodePool.ts.
10:19:19.496 debug: Resolve file:///D:/Works/Cocos/WxMiniGames/MiniGameBallRouge/assets/scripts/engine/PlatformManager.ts from cce:/internal/x/prerequisite-imports as file:///D:/Works/Cocos/WxMiniGames/MiniGameBallRouge/assets/scripts/engine/PlatformManager.ts.
10:19:19.496 debug: Resolve file:///D:/Works/Cocos/WxMiniGames/MiniGameBallRouge/assets/scripts/engine/ResManager.ts from cce:/internal/x/prerequisite-imports as file:///D:/Works/Cocos/WxMiniGames/MiniGameBallRouge/assets/scripts/engine/ResManager.ts.
10:19:19.496 debug: Resolve file:///D:/Works/Cocos/WxMiniGames/MiniGameBallRouge/assets/scripts/engine/ScreenAdapter.ts from cce:/internal/x/prerequisite-imports as file:///D:/Works/Cocos/WxMiniGames/MiniGameBallRouge/assets/scripts/engine/ScreenAdapter.ts.
10:19:19.497 debug: Resolve file:///D:/Works/Cocos/WxMiniGames/MiniGameBallRouge/assets/scripts/engine/ui/UIBase.ts from cce:/internal/x/prerequisite-imports as file:///D:/Works/Cocos/WxMiniGames/MiniGameBallRouge/assets/scripts/engine/ui/UIBase.ts.
10:19:19.497 debug: Resolve file:///D:/Works/Cocos/WxMiniGames/MiniGameBallRouge/assets/scripts/engine/ui/UIData.ts from cce:/internal/x/prerequisite-imports as file:///D:/Works/Cocos/WxMiniGames/MiniGameBallRouge/assets/scripts/engine/ui/UIData.ts.
10:19:19.498 debug: Resolve file:///D:/Works/Cocos/WxMiniGames/MiniGameBallRouge/assets/scripts/engine/ui/UIManager.ts from cce:/internal/x/prerequisite-imports as file:///D:/Works/Cocos/WxMiniGames/MiniGameBallRouge/assets/scripts/engine/ui/UIManager.ts.
10:19:19.498 debug: Resolve file:///D:/Works/Cocos/WxMiniGames/MiniGameBallRouge/assets/scripts/framework/EventManager.ts from cce:/internal/x/prerequisite-imports as file:///D:/Works/Cocos/WxMiniGames/MiniGameBallRouge/assets/scripts/framework/EventManager.ts.
10:19:19.499 debug: Resolve file:///D:/Works/Cocos/WxMiniGames/MiniGameBallRouge/assets/scripts/framework/FrameworkConst.ts from cce:/internal/x/prerequisite-imports as file:///D:/Works/Cocos/WxMiniGames/MiniGameBallRouge/assets/scripts/framework/FrameworkConst.ts.
10:19:19.499 debug: Resolve file:///D:/Works/Cocos/WxMiniGames/MiniGameBallRouge/assets/scripts/framework/FrameworkEvent.ts from cce:/internal/x/prerequisite-imports as file:///D:/Works/Cocos/WxMiniGames/MiniGameBallRouge/assets/scripts/framework/FrameworkEvent.ts.
10:19:19.499 debug: Resolve file:///D:/Works/Cocos/WxMiniGames/MiniGameBallRouge/assets/scripts/framework/ObjectPool.ts from cce:/internal/x/prerequisite-imports as file:///D:/Works/Cocos/WxMiniGames/MiniGameBallRouge/assets/scripts/framework/ObjectPool.ts.
10:19:19.500 debug: Resolve file:///D:/Works/Cocos/WxMiniGames/MiniGameBallRouge/assets/scripts/framework/StorageManager.ts from cce:/internal/x/prerequisite-imports as file:///D:/Works/Cocos/WxMiniGames/MiniGameBallRouge/assets/scripts/framework/StorageManager.ts.
10:19:19.500 debug: Resolve file:///D:/Works/Cocos/WxMiniGames/MiniGameBallRouge/assets/scripts/framework/TimerManager.ts from cce:/internal/x/prerequisite-imports as file:///D:/Works/Cocos/WxMiniGames/MiniGameBallRouge/assets/scripts/framework/TimerManager.ts.
10:19:19.501 debug: Resolve file:///D:/Works/Cocos/WxMiniGames/MiniGameBallRouge/assets/scripts/framework/TypeFactory.ts from cce:/internal/x/prerequisite-imports as file:///D:/Works/Cocos/WxMiniGames/MiniGameBallRouge/assets/scripts/framework/TypeFactory.ts.
10:19:19.501 debug: Resolve file:///D:/Works/Cocos/WxMiniGames/MiniGameBallRouge/assets/scripts/framework/TypeRegistry.ts from cce:/internal/x/prerequisite-imports as file:///D:/Works/Cocos/WxMiniGames/MiniGameBallRouge/assets/scripts/framework/TypeRegistry.ts.
10:19:19.534 debug: Target(editor) ends with cost 83.47279999999955ms.
10:19:19.534 debug: Target(preview) build started.
10:19:19.537 debug: Detected change: cce:/internal/x/prerequisite-imports. Last mtime: Thu Jan 01 1970 08:00:11 GMT+0800 (香港标准时间), Current mtime: Thu Jan 01 1970 08:00:16 GMT+0800 (香港标准时间)
10:19:19.537 debug: Inspect cce:/internal/x/prerequisite-imports
10:19:19.567 debug: transform url: 'cce:/internal/x/prerequisite-imports' costs: 29.80 ms
10:19:19.569 debug: Resolve file:///C:/ProgramData/cocos/editors/Creator/3.8.8/resources/resources/3d/engine/editor/assets/default_renderpipeline/builtin-dof-pass.ts from cce:/internal/x/prerequisite-imports as file:///C:/ProgramData/cocos/editors/Creator/3.8.8/resources/resources/3d/engine/editor/assets/default_renderpipeline/builtin-dof-pass.ts.
10:19:19.570 debug: Resolve file:///C:/ProgramData/cocos/editors/Creator/3.8.8/resources/resources/3d/engine/editor/assets/default_renderpipeline/builtin-pipeline-pass.ts from cce:/internal/x/prerequisite-imports as file:///C:/ProgramData/cocos/editors/Creator/3.8.8/resources/resources/3d/engine/editor/assets/default_renderpipeline/builtin-pipeline-pass.ts.
10:19:19.571 debug: Resolve file:///C:/ProgramData/cocos/editors/Creator/3.8.8/resources/resources/3d/engine/editor/assets/default_renderpipeline/builtin-pipeline-settings.ts from cce:/internal/x/prerequisite-imports as file:///C:/ProgramData/cocos/editors/Creator/3.8.8/resources/resources/3d/engine/editor/assets/default_renderpipeline/builtin-pipeline-settings.ts.
10:19:19.571 debug: Resolve file:///C:/ProgramData/cocos/editors/Creator/3.8.8/resources/resources/3d/engine/editor/assets/default_renderpipeline/builtin-pipeline-types.ts from cce:/internal/x/prerequisite-imports as file:///C:/ProgramData/cocos/editors/Creator/3.8.8/resources/resources/3d/engine/editor/assets/default_renderpipeline/builtin-pipeline-types.ts.
10:19:19.572 debug: Resolve file:///C:/ProgramData/cocos/editors/Creator/3.8.8/resources/resources/3d/engine/editor/assets/default_renderpipeline/builtin-pipeline.ts from cce:/internal/x/prerequisite-imports as file:///C:/ProgramData/cocos/editors/Creator/3.8.8/resources/resources/3d/engine/editor/assets/default_renderpipeline/builtin-pipeline.ts.
10:19:19.573 debug: Resolve file:///C:/ProgramData/cocos/editors/Creator/3.8.8/resources/resources/3d/engine/editor/assets/tools/debug-view-runtime-control.ts from cce:/internal/x/prerequisite-imports as file:///C:/ProgramData/cocos/editors/Creator/3.8.8/resources/resources/3d/engine/editor/assets/tools/debug-view-runtime-control.ts.
10:19:19.573 debug: Resolve file:///D:/Works/Cocos/WxMiniGames/MiniGameBallRouge/assets/scripts/Game/CommonGame/CommonGameEntry.ts from cce:/internal/x/prerequisite-imports as file:///D:/Works/Cocos/WxMiniGames/MiniGameBallRouge/assets/scripts/Game/CommonGame/CommonGameEntry.ts.
10:19:19.574 debug: Resolve file:///D:/Works/Cocos/WxMiniGames/MiniGameBallRouge/assets/scripts/Game/CommonGame/CommonGameProgress.ts from cce:/internal/x/prerequisite-imports as file:///D:/Works/Cocos/WxMiniGames/MiniGameBallRouge/assets/scripts/Game/CommonGame/CommonGameProgress.ts.
10:19:19.574 debug: Resolve file:///D:/Works/Cocos/WxMiniGames/MiniGameBallRouge/assets/scripts/Game/CommonGame/CommonUIConfig.ts from cce:/internal/x/prerequisite-imports as file:///D:/Works/Cocos/WxMiniGames/MiniGameBallRouge/assets/scripts/Game/CommonGame/CommonUIConfig.ts.
10:19:19.575 debug: Resolve file:///D:/Works/Cocos/WxMiniGames/MiniGameBallRouge/assets/scripts/Game/CommonGame/shader/PixelMonsterSprite.ts from cce:/internal/x/prerequisite-imports as file:///D:/Works/Cocos/WxMiniGames/MiniGameBallRouge/assets/scripts/Game/CommonGame/shader/PixelMonsterSprite.ts.
10:19:19.575 debug: Resolve file:///D:/Works/Cocos/WxMiniGames/MiniGameBallRouge/assets/scripts/Game/CommonGame/ui/AdPanel.ts from cce:/internal/x/prerequisite-imports as file:///D:/Works/Cocos/WxMiniGames/MiniGameBallRouge/assets/scripts/Game/CommonGame/ui/AdPanel.ts.
10:19:19.576 debug: Resolve file:///D:/Works/Cocos/WxMiniGames/MiniGameBallRouge/assets/scripts/Game/CommonGame/ui/GamePanel.ts from cce:/internal/x/prerequisite-imports as file:///D:/Works/Cocos/WxMiniGames/MiniGameBallRouge/assets/scripts/Game/CommonGame/ui/GamePanel.ts.
10:19:19.576 debug: Resolve file:///D:/Works/Cocos/WxMiniGames/MiniGameBallRouge/assets/scripts/Game/CommonGame/ui/LoadingPanel.ts from cce:/internal/x/prerequisite-imports as file:///D:/Works/Cocos/WxMiniGames/MiniGameBallRouge/assets/scripts/Game/CommonGame/ui/LoadingPanel.ts.
10:19:19.577 debug: Resolve file:///D:/Works/Cocos/WxMiniGames/MiniGameBallRouge/assets/scripts/Game/CommonGame/ui/LoginPanel.ts from cce:/internal/x/prerequisite-imports as file:///D:/Works/Cocos/WxMiniGames/MiniGameBallRouge/assets/scripts/Game/CommonGame/ui/LoginPanel.ts.
10:19:19.577 debug: Resolve file:///D:/Works/Cocos/WxMiniGames/MiniGameBallRouge/assets/scripts/Game/CommonGame/ui/MainPage.ts from cce:/internal/x/prerequisite-imports as file:///D:/Works/Cocos/WxMiniGames/MiniGameBallRouge/assets/scripts/Game/CommonGame/ui/MainPage.ts.
10:19:19.578 debug: Resolve file:///D:/Works/Cocos/WxMiniGames/MiniGameBallRouge/assets/scripts/Game/CommonGame/ui/MainPanel.ts from cce:/internal/x/prerequisite-imports as file:///D:/Works/Cocos/WxMiniGames/MiniGameBallRouge/assets/scripts/Game/CommonGame/ui/MainPanel.ts.
10:19:19.578 debug: Resolve file:///D:/Works/Cocos/WxMiniGames/MiniGameBallRouge/assets/scripts/Game/CommonGame/ui/PausePanel.ts from cce:/internal/x/prerequisite-imports as file:///D:/Works/Cocos/WxMiniGames/MiniGameBallRouge/assets/scripts/Game/CommonGame/ui/PausePanel.ts.
10:19:19.579 debug: Resolve file:///D:/Works/Cocos/WxMiniGames/MiniGameBallRouge/assets/scripts/Game/CommonGame/ui/RankPanel.ts from cce:/internal/x/prerequisite-imports as file:///D:/Works/Cocos/WxMiniGames/MiniGameBallRouge/assets/scripts/Game/CommonGame/ui/RankPanel.ts.
10:19:19.579 debug: Resolve file:///D:/Works/Cocos/WxMiniGames/MiniGameBallRouge/assets/scripts/Game/CommonGame/ui/TransitionPanel.ts from cce:/internal/x/prerequisite-imports as file:///D:/Works/Cocos/WxMiniGames/MiniGameBallRouge/assets/scripts/Game/CommonGame/ui/TransitionPanel.ts.
10:19:19.580 debug: Resolve file:///D:/Works/Cocos/WxMiniGames/MiniGameBallRouge/assets/scripts/engine/AdManager.ts from cce:/internal/x/prerequisite-imports as file:///D:/Works/Cocos/WxMiniGames/MiniGameBallRouge/assets/scripts/engine/AdManager.ts.
10:19:19.581 debug: Resolve file:///D:/Works/Cocos/WxMiniGames/MiniGameBallRouge/assets/scripts/engine/AudioManager.ts from cce:/internal/x/prerequisite-imports as file:///D:/Works/Cocos/WxMiniGames/MiniGameBallRouge/assets/scripts/engine/AudioManager.ts.
10:19:19.581 debug: Resolve file:///D:/Works/Cocos/WxMiniGames/MiniGameBallRouge/assets/scripts/engine/ConfigManager.ts from cce:/internal/x/prerequisite-imports as file:///D:/Works/Cocos/WxMiniGames/MiniGameBallRouge/assets/scripts/engine/ConfigManager.ts.
10:19:19.582 debug: Resolve file:///D:/Works/Cocos/WxMiniGames/MiniGameBallRouge/assets/scripts/engine/FlatBuffersRuntime.ts from cce:/internal/x/prerequisite-imports as file:///D:/Works/Cocos/WxMiniGames/MiniGameBallRouge/assets/scripts/engine/FlatBuffersRuntime.ts.
10:19:19.582 debug: Resolve file:///D:/Works/Cocos/WxMiniGames/MiniGameBallRouge/assets/scripts/engine/GameManager.ts from cce:/internal/x/prerequisite-imports as file:///D:/Works/Cocos/WxMiniGames/MiniGameBallRouge/assets/scripts/engine/GameManager.ts.
10:19:19.583 debug: Resolve file:///D:/Works/Cocos/WxMiniGames/MiniGameBallRouge/assets/scripts/engine/Launcher.ts from cce:/internal/x/prerequisite-imports as file:///D:/Works/Cocos/WxMiniGames/MiniGameBallRouge/assets/scripts/engine/Launcher.ts.
10:19:19.583 debug: Resolve file:///D:/Works/Cocos/WxMiniGames/MiniGameBallRouge/assets/scripts/engine/NodePool.ts from cce:/internal/x/prerequisite-imports as file:///D:/Works/Cocos/WxMiniGames/MiniGameBallRouge/assets/scripts/engine/NodePool.ts.
10:19:19.584 debug: Resolve file:///D:/Works/Cocos/WxMiniGames/MiniGameBallRouge/assets/scripts/engine/PlatformManager.ts from cce:/internal/x/prerequisite-imports as file:///D:/Works/Cocos/WxMiniGames/MiniGameBallRouge/assets/scripts/engine/PlatformManager.ts.
10:19:19.584 debug: Resolve file:///D:/Works/Cocos/WxMiniGames/MiniGameBallRouge/assets/scripts/engine/ResManager.ts from cce:/internal/x/prerequisite-imports as file:///D:/Works/Cocos/WxMiniGames/MiniGameBallRouge/assets/scripts/engine/ResManager.ts.
10:19:19.584 debug: Resolve file:///D:/Works/Cocos/WxMiniGames/MiniGameBallRouge/assets/scripts/engine/ScreenAdapter.ts from cce:/internal/x/prerequisite-imports as file:///D:/Works/Cocos/WxMiniGames/MiniGameBallRouge/assets/scripts/engine/ScreenAdapter.ts.
10:19:19.585 debug: Resolve file:///D:/Works/Cocos/WxMiniGames/MiniGameBallRouge/assets/scripts/engine/ui/UIBase.ts from cce:/internal/x/prerequisite-imports as file:///D:/Works/Cocos/WxMiniGames/MiniGameBallRouge/assets/scripts/engine/ui/UIBase.ts.
10:19:19.585 debug: Resolve file:///D:/Works/Cocos/WxMiniGames/MiniGameBallRouge/assets/scripts/engine/ui/UIData.ts from cce:/internal/x/prerequisite-imports as file:///D:/Works/Cocos/WxMiniGames/MiniGameBallRouge/assets/scripts/engine/ui/UIData.ts.
10:19:19.586 debug: Resolve file:///D:/Works/Cocos/WxMiniGames/MiniGameBallRouge/assets/scripts/engine/ui/UIManager.ts from cce:/internal/x/prerequisite-imports as file:///D:/Works/Cocos/WxMiniGames/MiniGameBallRouge/assets/scripts/engine/ui/UIManager.ts.
10:19:19.586 debug: Resolve file:///D:/Works/Cocos/WxMiniGames/MiniGameBallRouge/assets/scripts/framework/EventManager.ts from cce:/internal/x/prerequisite-imports as file:///D:/Works/Cocos/WxMiniGames/MiniGameBallRouge/assets/scripts/framework/EventManager.ts.
10:19:19.586 debug: Resolve file:///D:/Works/Cocos/WxMiniGames/MiniGameBallRouge/assets/scripts/framework/FrameworkConst.ts from cce:/internal/x/prerequisite-imports as file:///D:/Works/Cocos/WxMiniGames/MiniGameBallRouge/assets/scripts/framework/FrameworkConst.ts.
10:19:19.587 debug: Resolve file:///D:/Works/Cocos/WxMiniGames/MiniGameBallRouge/assets/scripts/framework/FrameworkEvent.ts from cce:/internal/x/prerequisite-imports as file:///D:/Works/Cocos/WxMiniGames/MiniGameBallRouge/assets/scripts/framework/FrameworkEvent.ts.
10:19:19.587 debug: Resolve file:///D:/Works/Cocos/WxMiniGames/MiniGameBallRouge/assets/scripts/framework/ObjectPool.ts from cce:/internal/x/prerequisite-imports as file:///D:/Works/Cocos/WxMiniGames/MiniGameBallRouge/assets/scripts/framework/ObjectPool.ts.
10:19:19.587 debug: Resolve file:///D:/Works/Cocos/WxMiniGames/MiniGameBallRouge/assets/scripts/framework/StorageManager.ts from cce:/internal/x/prerequisite-imports as file:///D:/Works/Cocos/WxMiniGames/MiniGameBallRouge/assets/scripts/framework/StorageManager.ts.
10:19:19.588 debug: Resolve file:///D:/Works/Cocos/WxMiniGames/MiniGameBallRouge/assets/scripts/framework/TimerManager.ts from cce:/internal/x/prerequisite-imports as file:///D:/Works/Cocos/WxMiniGames/MiniGameBallRouge/assets/scripts/framework/TimerManager.ts.
10:19:19.588 debug: Resolve file:///D:/Works/Cocos/WxMiniGames/MiniGameBallRouge/assets/scripts/framework/TypeFactory.ts from cce:/internal/x/prerequisite-imports as file:///D:/Works/Cocos/WxMiniGames/MiniGameBallRouge/assets/scripts/framework/TypeFactory.ts.
10:19:19.589 debug: Resolve file:///D:/Works/Cocos/WxMiniGames/MiniGameBallRouge/assets/scripts/framework/TypeRegistry.ts from cce:/internal/x/prerequisite-imports as file:///D:/Works/Cocos/WxMiniGames/MiniGameBallRouge/assets/scripts/framework/TypeRegistry.ts.
10:19:19.617 debug: Target(preview) ends with cost 82.39800000000105ms.
10:30:14.477 debug: Dispatch build request for time accumulated 1 asset changes.
10:30:14.480 debug: Build iteration starts.
Number of accumulated asset changes: 1
Feature changed: false
10:30:14.480 debug: Target(editor) build started.
10:30:14.483 debug: Detected change: cce:/internal/x/prerequisite-imports. Last mtime: Thu Jan 01 1970 08:00:16 GMT+0800 (香港标准时间), Current mtime: Thu Jan 01 1970 08:11:11 GMT+0800 (香港标准时间)
10:30:14.483 debug: Inspect cce:/internal/x/prerequisite-imports
10:30:14.509 debug: transform url: 'cce:/internal/x/prerequisite-imports' costs: 26.30 ms
10:30:14.511 debug: Resolve file:///C:/ProgramData/cocos/editors/Creator/3.8.8/resources/resources/3d/engine/editor/assets/default_renderpipeline/builtin-dof-pass.ts from cce:/internal/x/prerequisite-imports as file:///C:/ProgramData/cocos/editors/Creator/3.8.8/resources/resources/3d/engine/editor/assets/default_renderpipeline/builtin-dof-pass.ts.
10:30:14.511 debug: Resolve file:///C:/ProgramData/cocos/editors/Creator/3.8.8/resources/resources/3d/engine/editor/assets/default_renderpipeline/builtin-pipeline-pass.ts from cce:/internal/x/prerequisite-imports as file:///C:/ProgramData/cocos/editors/Creator/3.8.8/resources/resources/3d/engine/editor/assets/default_renderpipeline/builtin-pipeline-pass.ts.
10:30:14.512 debug: Resolve file:///C:/ProgramData/cocos/editors/Creator/3.8.8/resources/resources/3d/engine/editor/assets/default_renderpipeline/builtin-pipeline-settings.ts from cce:/internal/x/prerequisite-imports as file:///C:/ProgramData/cocos/editors/Creator/3.8.8/resources/resources/3d/engine/editor/assets/default_renderpipeline/builtin-pipeline-settings.ts.
10:30:14.513 debug: Resolve file:///C:/ProgramData/cocos/editors/Creator/3.8.8/resources/resources/3d/engine/editor/assets/default_renderpipeline/builtin-pipeline-types.ts from cce:/internal/x/prerequisite-imports as file:///C:/ProgramData/cocos/editors/Creator/3.8.8/resources/resources/3d/engine/editor/assets/default_renderpipeline/builtin-pipeline-types.ts.
10:30:14.515 debug: Resolve file:///C:/ProgramData/cocos/editors/Creator/3.8.8/resources/resources/3d/engine/editor/assets/default_renderpipeline/builtin-pipeline.ts from cce:/internal/x/prerequisite-imports as file:///C:/ProgramData/cocos/editors/Creator/3.8.8/resources/resources/3d/engine/editor/assets/default_renderpipeline/builtin-pipeline.ts.
10:30:14.516 debug: Resolve file:///C:/ProgramData/cocos/editors/Creator/3.8.8/resources/resources/3d/engine/editor/assets/tools/debug-view-runtime-control.ts from cce:/internal/x/prerequisite-imports as file:///C:/ProgramData/cocos/editors/Creator/3.8.8/resources/resources/3d/engine/editor/assets/tools/debug-view-runtime-control.ts.
10:30:14.516 debug: Resolve file:///D:/Works/Cocos/WxMiniGames/MiniGameBallRouge/assets/scripts/Game/CommonGame/CommonGameEntry.ts from cce:/internal/x/prerequisite-imports as file:///D:/Works/Cocos/WxMiniGames/MiniGameBallRouge/assets/scripts/Game/CommonGame/CommonGameEntry.ts.
10:30:14.517 debug: Resolve file:///D:/Works/Cocos/WxMiniGames/MiniGameBallRouge/assets/scripts/Game/CommonGame/CommonGameProgress.ts from cce:/internal/x/prerequisite-imports as file:///D:/Works/Cocos/WxMiniGames/MiniGameBallRouge/assets/scripts/Game/CommonGame/CommonGameProgress.ts.
10:30:14.518 debug: Resolve file:///D:/Works/Cocos/WxMiniGames/MiniGameBallRouge/assets/scripts/Game/CommonGame/CommonUIConfig.ts from cce:/internal/x/prerequisite-imports as file:///D:/Works/Cocos/WxMiniGames/MiniGameBallRouge/assets/scripts/Game/CommonGame/CommonUIConfig.ts.
10:30:14.518 debug: Resolve file:///D:/Works/Cocos/WxMiniGames/MiniGameBallRouge/assets/scripts/Game/CommonGame/shader/PixelMonsterSprite.ts from cce:/internal/x/prerequisite-imports as file:///D:/Works/Cocos/WxMiniGames/MiniGameBallRouge/assets/scripts/Game/CommonGame/shader/PixelMonsterSprite.ts.
10:30:14.519 debug: Resolve file:///D:/Works/Cocos/WxMiniGames/MiniGameBallRouge/assets/scripts/Game/CommonGame/ui/AdPanel.ts from cce:/internal/x/prerequisite-imports as file:///D:/Works/Cocos/WxMiniGames/MiniGameBallRouge/assets/scripts/Game/CommonGame/ui/AdPanel.ts.
10:30:14.519 debug: Resolve file:///D:/Works/Cocos/WxMiniGames/MiniGameBallRouge/assets/scripts/Game/CommonGame/ui/GamePanel.ts from cce:/internal/x/prerequisite-imports as file:///D:/Works/Cocos/WxMiniGames/MiniGameBallRouge/assets/scripts/Game/CommonGame/ui/GamePanel.ts.
10:30:14.520 debug: Detected change: file:///D:/Works/Cocos/WxMiniGames/MiniGameBallRouge/assets/scripts/Game/CommonGame/ui/GamePanel.ts. Last mtime: Mon Sep 28 2026 10:16:15 GMT+0800 (香港标准时间)@0f6f935e-dd32-4f8f-870f-858c31678dec, Current mtime: Mon Sep 28 2026 10:26:58 GMT+0800 (香港标准时间)@0f6f935e-dd32-4f8f-870f-858c31678dec
10:30:14.520 debug: Inspect file:///D:/Works/Cocos/WxMiniGames/MiniGameBallRouge/assets/scripts/Game/CommonGame/ui/GamePanel.ts
10:30:14.601 debug: transform url: 'file:///D:/Works/Cocos/WxMiniGames/MiniGameBallRouge/assets/scripts/Game/CommonGame/ui/GamePanel.ts' costs: 81.30 ms
10:30:14.603 debug: Resolve file:///D:/Works/Cocos/WxMiniGames/MiniGameBallRouge/assets/scripts/Game/CommonGame/ui/LoadingPanel.ts from cce:/internal/x/prerequisite-imports as file:///D:/Works/Cocos/WxMiniGames/MiniGameBallRouge/assets/scripts/Game/CommonGame/ui/LoadingPanel.ts.
10:30:14.604 debug: Resolve file:///D:/Works/Cocos/WxMiniGames/MiniGameBallRouge/assets/scripts/Game/CommonGame/ui/LoginPanel.ts from cce:/internal/x/prerequisite-imports as file:///D:/Works/Cocos/WxMiniGames/MiniGameBallRouge/assets/scripts/Game/CommonGame/ui/LoginPanel.ts.
10:30:14.604 debug: Resolve file:///D:/Works/Cocos/WxMiniGames/MiniGameBallRouge/assets/scripts/Game/CommonGame/ui/MainPage.ts from cce:/internal/x/prerequisite-imports as file:///D:/Works/Cocos/WxMiniGames/MiniGameBallRouge/assets/scripts/Game/CommonGame/ui/MainPage.ts.
10:30:14.605 debug: Resolve file:///D:/Works/Cocos/WxMiniGames/MiniGameBallRouge/assets/scripts/Game/CommonGame/ui/MainPanel.ts from cce:/internal/x/prerequisite-imports as file:///D:/Works/Cocos/WxMiniGames/MiniGameBallRouge/assets/scripts/Game/CommonGame/ui/MainPanel.ts.
10:30:14.605 debug: Resolve file:///D:/Works/Cocos/WxMiniGames/MiniGameBallRouge/assets/scripts/Game/CommonGame/ui/PausePanel.ts from cce:/internal/x/prerequisite-imports as file:///D:/Works/Cocos/WxMiniGames/MiniGameBallRouge/assets/scripts/Game/CommonGame/ui/PausePanel.ts.
10:30:14.606 debug: Resolve file:///D:/Works/Cocos/WxMiniGames/MiniGameBallRouge/assets/scripts/Game/CommonGame/ui/RankPanel.ts from cce:/internal/x/prerequisite-imports as file:///D:/Works/Cocos/WxMiniGames/MiniGameBallRouge/assets/scripts/Game/CommonGame/ui/RankPanel.ts.
10:30:14.606 debug: Resolve file:///D:/Works/Cocos/WxMiniGames/MiniGameBallRouge/assets/scripts/Game/CommonGame/ui/TransitionPanel.ts from cce:/internal/x/prerequisite-imports as file:///D:/Works/Cocos/WxMiniGames/MiniGameBallRouge/assets/scripts/Game/CommonGame/ui/TransitionPanel.ts.
10:30:14.607 debug: Resolve file:///D:/Works/Cocos/WxMiniGames/MiniGameBallRouge/assets/scripts/engine/AdManager.ts from cce:/internal/x/prerequisite-imports as file:///D:/Works/Cocos/WxMiniGames/MiniGameBallRouge/assets/scripts/engine/AdManager.ts.
10:30:14.607 debug: Resolve file:///D:/Works/Cocos/WxMiniGames/MiniGameBallRouge/assets/scripts/engine/AudioManager.ts from cce:/internal/x/prerequisite-imports as file:///D:/Works/Cocos/WxMiniGames/MiniGameBallRouge/assets/scripts/engine/AudioManager.ts.
10:30:14.607 debug: Resolve file:///D:/Works/Cocos/WxMiniGames/MiniGameBallRouge/assets/scripts/engine/ConfigManager.ts from cce:/internal/x/prerequisite-imports as file:///D:/Works/Cocos/WxMiniGames/MiniGameBallRouge/assets/scripts/engine/ConfigManager.ts.
10:30:14.608 debug: Resolve file:///D:/Works/Cocos/WxMiniGames/MiniGameBallRouge/assets/scripts/engine/FlatBuffersRuntime.ts from cce:/internal/x/prerequisite-imports as file:///D:/Works/Cocos/WxMiniGames/MiniGameBallRouge/assets/scripts/engine/FlatBuffersRuntime.ts.
10:30:14.608 debug: Resolve file:///D:/Works/Cocos/WxMiniGames/MiniGameBallRouge/assets/scripts/engine/GameManager.ts from cce:/internal/x/prerequisite-imports as file:///D:/Works/Cocos/WxMiniGames/MiniGameBallRouge/assets/scripts/engine/GameManager.ts.
10:30:14.609 debug: Resolve file:///D:/Works/Cocos/WxMiniGames/MiniGameBallRouge/assets/scripts/engine/Launcher.ts from cce:/internal/x/prerequisite-imports as file:///D:/Works/Cocos/WxMiniGames/MiniGameBallRouge/assets/scripts/engine/Launcher.ts.
10:30:14.609 debug: Resolve file:///D:/Works/Cocos/WxMiniGames/MiniGameBallRouge/assets/scripts/engine/NodePool.ts from cce:/internal/x/prerequisite-imports as file:///D:/Works/Cocos/WxMiniGames/MiniGameBallRouge/assets/scripts/engine/NodePool.ts.
10:30:14.609 debug: Resolve file:///D:/Works/Cocos/WxMiniGames/MiniGameBallRouge/assets/scripts/engine/PlatformManager.ts from cce:/internal/x/prerequisite-imports as file:///D:/Works/Cocos/WxMiniGames/MiniGameBallRouge/assets/scripts/engine/PlatformManager.ts.
10:30:14.610 debug: Resolve file:///D:/Works/Cocos/WxMiniGames/MiniGameBallRouge/assets/scripts/engine/ResManager.ts from cce:/internal/x/prerequisite-imports as file:///D:/Works/Cocos/WxMiniGames/MiniGameBallRouge/assets/scripts/engine/ResManager.ts.
10:30:14.610 debug: Resolve file:///D:/Works/Cocos/WxMiniGames/MiniGameBallRouge/assets/scripts/engine/ScreenAdapter.ts from cce:/internal/x/prerequisite-imports as file:///D:/Works/Cocos/WxMiniGames/MiniGameBallRouge/assets/scripts/engine/ScreenAdapter.ts.
10:30:14.611 debug: Resolve file:///D:/Works/Cocos/WxMiniGames/MiniGameBallRouge/assets/scripts/engine/ui/UIBase.ts from cce:/internal/x/prerequisite-imports as file:///D:/Works/Cocos/WxMiniGames/MiniGameBallRouge/assets/scripts/engine/ui/UIBase.ts.
10:30:14.611 debug: Resolve file:///D:/Works/Cocos/WxMiniGames/MiniGameBallRouge/assets/scripts/engine/ui/UIData.ts from cce:/internal/x/prerequisite-imports as file:///D:/Works/Cocos/WxMiniGames/MiniGameBallRouge/assets/scripts/engine/ui/UIData.ts.
10:30:14.611 debug: Resolve file:///D:/Works/Cocos/WxMiniGames/MiniGameBallRouge/assets/scripts/engine/ui/UIManager.ts from cce:/internal/x/prerequisite-imports as file:///D:/Works/Cocos/WxMiniGames/MiniGameBallRouge/assets/scripts/engine/ui/UIManager.ts.
10:30:14.612 debug: Resolve file:///D:/Works/Cocos/WxMiniGames/MiniGameBallRouge/assets/scripts/framework/EventManager.ts from cce:/internal/x/prerequisite-imports as file:///D:/Works/Cocos/WxMiniGames/MiniGameBallRouge/assets/scripts/framework/EventManager.ts.
10:30:14.612 debug: Resolve file:///D:/Works/Cocos/WxMiniGames/MiniGameBallRouge/assets/scripts/framework/FrameworkConst.ts from cce:/internal/x/prerequisite-imports as file:///D:/Works/Cocos/WxMiniGames/MiniGameBallRouge/assets/scripts/framework/FrameworkConst.ts.
10:30:14.614 debug: Resolve file:///D:/Works/Cocos/WxMiniGames/MiniGameBallRouge/assets/scripts/framework/FrameworkEvent.ts from cce:/internal/x/prerequisite-imports as file:///D:/Works/Cocos/WxMiniGames/MiniGameBallRouge/assets/scripts/framework/FrameworkEvent.ts.
10:30:14.614 debug: Resolve file:///D:/Works/Cocos/WxMiniGames/MiniGameBallRouge/assets/scripts/framework/ObjectPool.ts from cce:/internal/x/prerequisite-imports as file:///D:/Works/Cocos/WxMiniGames/MiniGameBallRouge/assets/scripts/framework/ObjectPool.ts.
10:30:14.615 debug: Resolve file:///D:/Works/Cocos/WxMiniGames/MiniGameBallRouge/assets/scripts/framework/StorageManager.ts from cce:/internal/x/prerequisite-imports as file:///D:/Works/Cocos/WxMiniGames/MiniGameBallRouge/assets/scripts/framework/StorageManager.ts.
10:30:14.615 debug: Resolve file:///D:/Works/Cocos/WxMiniGames/MiniGameBallRouge/assets/scripts/framework/TimerManager.ts from cce:/internal/x/prerequisite-imports as file:///D:/Works/Cocos/WxMiniGames/MiniGameBallRouge/assets/scripts/framework/TimerManager.ts.
10:30:14.615 debug: Resolve file:///D:/Works/Cocos/WxMiniGames/MiniGameBallRouge/assets/scripts/framework/TypeFactory.ts from cce:/internal/x/prerequisite-imports as file:///D:/Works/Cocos/WxMiniGames/MiniGameBallRouge/assets/scripts/framework/TypeFactory.ts.
10:30:14.616 debug: Resolve file:///D:/Works/Cocos/WxMiniGames/MiniGameBallRouge/assets/scripts/framework/TypeRegistry.ts from cce:/internal/x/prerequisite-imports as file:///D:/Works/Cocos/WxMiniGames/MiniGameBallRouge/assets/scripts/framework/TypeRegistry.ts.
10:30:14.616 debug: Resolve cce:/internal/code-quality/cr.mjs from file:///D:/Works/Cocos/WxMiniGames/MiniGameBallRouge/assets/scripts/Game/CommonGame/ui/GamePanel.ts as cce:/internal/code-quality/cr.mjs.
10:30:14.616 debug: Resolve cc from file:///D:/Works/Cocos/WxMiniGames/MiniGameBallRouge/assets/scripts/Game/CommonGame/ui/GamePanel.ts as cce:/internal/x/cc.
10:30:14.616 debug: Resolve cc from file:///D:/Works/Cocos/WxMiniGames/MiniGameBallRouge/assets/scripts/Game/CommonGame/ui/GamePanel.ts as cce:/internal/x/cc.
10:30:14.617 debug: Resolve cc from file:///D:/Works/Cocos/WxMiniGames/MiniGameBallRouge/assets/scripts/Game/CommonGame/ui/GamePanel.ts as cce:/internal/x/cc.
10:30:14.617 debug: Resolve ../../../engine/ui/UIBase from file:///D:/Works/Cocos/WxMiniGames/MiniGameBallRouge/assets/scripts/Game/CommonGame/ui/GamePanel.ts as file:///D:/Works/Cocos/WxMiniGames/MiniGameBallRouge/assets/scripts/engine/ui/UIBase.ts.
10:30:14.618 debug: Resolve ../../../engine/ui/UIManager from file:///D:/Works/Cocos/WxMiniGames/MiniGameBallRouge/assets/scripts/Game/CommonGame/ui/GamePanel.ts as file:///D:/Works/Cocos/WxMiniGames/MiniGameBallRouge/assets/scripts/engine/ui/UIManager.ts.
10:30:14.618 debug: Resolve ../CommonGameProgress from file:///D:/Works/Cocos/WxMiniGames/MiniGameBallRouge/assets/scripts/Game/CommonGame/ui/GamePanel.ts as file:///D:/Works/Cocos/WxMiniGames/MiniGameBallRouge/assets/scripts/Game/CommonGame/CommonGameProgress.ts.
10:30:14.619 debug: Resolve ../CommonUIConfig from file:///D:/Works/Cocos/WxMiniGames/MiniGameBallRouge/assets/scripts/Game/CommonGame/ui/GamePanel.ts as file:///D:/Works/Cocos/WxMiniGames/MiniGameBallRouge/assets/scripts/Game/CommonGame/CommonUIConfig.ts.
10:30:14.646 debug: Target(editor) ends with cost 165.86329999996815ms.
10:30:14.647 debug: Target(preview) build started.
10:30:14.650 debug: Detected change: cce:/internal/x/prerequisite-imports. Last mtime: Thu Jan 01 1970 08:00:16 GMT+0800 (香港标准时间), Current mtime: Thu Jan 01 1970 08:11:12 GMT+0800 (香港标准时间)
10:30:14.651 debug: Inspect cce:/internal/x/prerequisite-imports
10:30:14.669 debug: transform url: 'cce:/internal/x/prerequisite-imports' costs: 17.80 ms
10:30:14.670 debug: Resolve file:///C:/ProgramData/cocos/editors/Creator/3.8.8/resources/resources/3d/engine/editor/assets/default_renderpipeline/builtin-dof-pass.ts from cce:/internal/x/prerequisite-imports as file:///C:/ProgramData/cocos/editors/Creator/3.8.8/resources/resources/3d/engine/editor/assets/default_renderpipeline/builtin-dof-pass.ts.
10:30:14.671 debug: Resolve file:///C:/ProgramData/cocos/editors/Creator/3.8.8/resources/resources/3d/engine/editor/assets/default_renderpipeline/builtin-pipeline-pass.ts from cce:/internal/x/prerequisite-imports as file:///C:/ProgramData/cocos/editors/Creator/3.8.8/resources/resources/3d/engine/editor/assets/default_renderpipeline/builtin-pipeline-pass.ts.
10:30:14.673 debug: Resolve file:///C:/ProgramData/cocos/editors/Creator/3.8.8/resources/resources/3d/engine/editor/assets/default_renderpipeline/builtin-pipeline-settings.ts from cce:/internal/x/prerequisite-imports as file:///C:/ProgramData/cocos/editors/Creator/3.8.8/resources/resources/3d/engine/editor/assets/default_renderpipeline/builtin-pipeline-settings.ts.
10:30:14.673 debug: Resolve file:///C:/ProgramData/cocos/editors/Creator/3.8.8/resources/resources/3d/engine/editor/assets/default_renderpipeline/builtin-pipeline-types.ts from cce:/internal/x/prerequisite-imports as file:///C:/ProgramData/cocos/editors/Creator/3.8.8/resources/resources/3d/engine/editor/assets/default_renderpipeline/builtin-pipeline-types.ts.
10:30:14.674 debug: Resolve file:///C:/ProgramData/cocos/editors/Creator/3.8.8/resources/resources/3d/engine/editor/assets/default_renderpipeline/builtin-pipeline.ts from cce:/internal/x/prerequisite-imports as file:///C:/ProgramData/cocos/editors/Creator/3.8.8/resources/resources/3d/engine/editor/assets/default_renderpipeline/builtin-pipeline.ts.
10:30:14.675 debug: Resolve file:///C:/ProgramData/cocos/editors/Creator/3.8.8/resources/resources/3d/engine/editor/assets/tools/debug-view-runtime-control.ts from cce:/internal/x/prerequisite-imports as file:///C:/ProgramData/cocos/editors/Creator/3.8.8/resources/resources/3d/engine/editor/assets/tools/debug-view-runtime-control.ts.
10:30:14.676 debug: Resolve file:///D:/Works/Cocos/WxMiniGames/MiniGameBallRouge/assets/scripts/Game/CommonGame/CommonGameEntry.ts from cce:/internal/x/prerequisite-imports as file:///D:/Works/Cocos/WxMiniGames/MiniGameBallRouge/assets/scripts/Game/CommonGame/CommonGameEntry.ts.
10:30:14.676 debug: Resolve file:///D:/Works/Cocos/WxMiniGames/MiniGameBallRouge/assets/scripts/Game/CommonGame/CommonGameProgress.ts from cce:/internal/x/prerequisite-imports as file:///D:/Works/Cocos/WxMiniGames/MiniGameBallRouge/assets/scripts/Game/CommonGame/CommonGameProgress.ts.
10:30:14.677 debug: Resolve file:///D:/Works/Cocos/WxMiniGames/MiniGameBallRouge/assets/scripts/Game/CommonGame/CommonUIConfig.ts from cce:/internal/x/prerequisite-imports as file:///D:/Works/Cocos/WxMiniGames/MiniGameBallRouge/assets/scripts/Game/CommonGame/CommonUIConfig.ts.
10:30:14.678 debug: Resolve file:///D:/Works/Cocos/WxMiniGames/MiniGameBallRouge/assets/scripts/Game/CommonGame/shader/PixelMonsterSprite.ts from cce:/internal/x/prerequisite-imports as file:///D:/Works/Cocos/WxMiniGames/MiniGameBallRouge/assets/scripts/Game/CommonGame/shader/PixelMonsterSprite.ts.
10:30:14.678 debug: Resolve file:///D:/Works/Cocos/WxMiniGames/MiniGameBallRouge/assets/scripts/Game/CommonGame/ui/AdPanel.ts from cce:/internal/x/prerequisite-imports as file:///D:/Works/Cocos/WxMiniGames/MiniGameBallRouge/assets/scripts/Game/CommonGame/ui/AdPanel.ts.
10:30:14.679 debug: Resolve file:///D:/Works/Cocos/WxMiniGames/MiniGameBallRouge/assets/scripts/Game/CommonGame/ui/GamePanel.ts from cce:/internal/x/prerequisite-imports as file:///D:/Works/Cocos/WxMiniGames/MiniGameBallRouge/assets/scripts/Game/CommonGame/ui/GamePanel.ts.
10:30:14.679 debug: Detected change: file:///D:/Works/Cocos/WxMiniGames/MiniGameBallRouge/assets/scripts/Game/CommonGame/ui/GamePanel.ts. Last mtime: Mon Sep 28 2026 10:16:15 GMT+0800 (香港标准时间)@0f6f935e-dd32-4f8f-870f-858c31678dec, Current mtime: Mon Sep 28 2026 10:26:58 GMT+0800 (香港标准时间)@0f6f935e-dd32-4f8f-870f-858c31678dec
10:30:14.679 debug: Inspect file:///D:/Works/Cocos/WxMiniGames/MiniGameBallRouge/assets/scripts/Game/CommonGame/ui/GamePanel.ts
10:30:14.749 debug: transform url: 'file:///D:/Works/Cocos/WxMiniGames/MiniGameBallRouge/assets/scripts/Game/CommonGame/ui/GamePanel.ts' costs: 70.10 ms
10:30:14.751 debug: Resolve file:///D:/Works/Cocos/WxMiniGames/MiniGameBallRouge/assets/scripts/Game/CommonGame/ui/LoadingPanel.ts from cce:/internal/x/prerequisite-imports as file:///D:/Works/Cocos/WxMiniGames/MiniGameBallRouge/assets/scripts/Game/CommonGame/ui/LoadingPanel.ts.
10:30:14.751 debug: Resolve file:///D:/Works/Cocos/WxMiniGames/MiniGameBallRouge/assets/scripts/Game/CommonGame/ui/LoginPanel.ts from cce:/internal/x/prerequisite-imports as file:///D:/Works/Cocos/WxMiniGames/MiniGameBallRouge/assets/scripts/Game/CommonGame/ui/LoginPanel.ts.
10:30:14.752 debug: Resolve file:///D:/Works/Cocos/WxMiniGames/MiniGameBallRouge/assets/scripts/Game/CommonGame/ui/MainPage.ts from cce:/internal/x/prerequisite-imports as file:///D:/Works/Cocos/WxMiniGames/MiniGameBallRouge/assets/scripts/Game/CommonGame/ui/MainPage.ts.
10:30:14.752 debug: Resolve file:///D:/Works/Cocos/WxMiniGames/MiniGameBallRouge/assets/scripts/Game/CommonGame/ui/MainPanel.ts from cce:/internal/x/prerequisite-imports as file:///D:/Works/Cocos/WxMiniGames/MiniGameBallRouge/assets/scripts/Game/CommonGame/ui/MainPanel.ts.
10:30:14.753 debug: Resolve file:///D:/Works/Cocos/WxMiniGames/MiniGameBallRouge/assets/scripts/Game/CommonGame/ui/PausePanel.ts from cce:/internal/x/prerequisite-imports as file:///D:/Works/Cocos/WxMiniGames/MiniGameBallRouge/assets/scripts/Game/CommonGame/ui/PausePanel.ts.
10:30:14.753 debug: Resolve file:///D:/Works/Cocos/WxMiniGames/MiniGameBallRouge/assets/scripts/Game/CommonGame/ui/RankPanel.ts from cce:/internal/x/prerequisite-imports as file:///D:/Works/Cocos/WxMiniGames/MiniGameBallRouge/assets/scripts/Game/CommonGame/ui/RankPanel.ts.
10:30:14.754 debug: Resolve file:///D:/Works/Cocos/WxMiniGames/MiniGameBallRouge/assets/scripts/Game/CommonGame/ui/TransitionPanel.ts from cce:/internal/x/prerequisite-imports as file:///D:/Works/Cocos/WxMiniGames/MiniGameBallRouge/assets/scripts/Game/CommonGame/ui/TransitionPanel.ts.
10:30:14.754 debug: Resolve file:///D:/Works/Cocos/WxMiniGames/MiniGameBallRouge/assets/scripts/engine/AdManager.ts from cce:/internal/x/prerequisite-imports as file:///D:/Works/Cocos/WxMiniGames/MiniGameBallRouge/assets/scripts/engine/AdManager.ts.
10:30:14.755 debug: Resolve file:///D:/Works/Cocos/WxMiniGames/MiniGameBallRouge/assets/scripts/engine/AudioManager.ts from cce:/internal/x/prerequisite-imports as file:///D:/Works/Cocos/WxMiniGames/MiniGameBallRouge/assets/scripts/engine/AudioManager.ts.
10:30:14.755 debug: Resolve file:///D:/Works/Cocos/WxMiniGames/MiniGameBallRouge/assets/scripts/engine/ConfigManager.ts from cce:/internal/x/prerequisite-imports as file:///D:/Works/Cocos/WxMiniGames/MiniGameBallRouge/assets/scripts/engine/ConfigManager.ts.
10:30:14.756 debug: Resolve file:///D:/Works/Cocos/WxMiniGames/MiniGameBallRouge/assets/scripts/engine/FlatBuffersRuntime.ts from cce:/internal/x/prerequisite-imports as file:///D:/Works/Cocos/WxMiniGames/MiniGameBallRouge/assets/scripts/engine/FlatBuffersRuntime.ts.
10:30:14.756 debug: Resolve file:///D:/Works/Cocos/WxMiniGames/MiniGameBallRouge/assets/scripts/engine/GameManager.ts from cce:/internal/x/prerequisite-imports as file:///D:/Works/Cocos/WxMiniGames/MiniGameBallRouge/assets/scripts/engine/GameManager.ts.
10:30:14.756 debug: Resolve file:///D:/Works/Cocos/WxMiniGames/MiniGameBallRouge/assets/scripts/engine/Launcher.ts from cce:/internal/x/prerequisite-imports as file:///D:/Works/Cocos/WxMiniGames/MiniGameBallRouge/assets/scripts/engine/Launcher.ts.
10:30:14.757 debug: Resolve file:///D:/Works/Cocos/WxMiniGames/MiniGameBallRouge/assets/scripts/engine/NodePool.ts from cce:/internal/x/prerequisite-imports as file:///D:/Works/Cocos/WxMiniGames/MiniGameBallRouge/assets/scripts/engine/NodePool.ts.
10:30:14.757 debug: Resolve file:///D:/Works/Cocos/WxMiniGames/MiniGameBallRouge/assets/scripts/engine/PlatformManager.ts from cce:/internal/x/prerequisite-imports as file:///D:/Works/Cocos/WxMiniGames/MiniGameBallRouge/assets/scripts/engine/PlatformManager.ts.
10:30:14.758 debug: Resolve file:///D:/Works/Cocos/WxMiniGames/MiniGameBallRouge/assets/scripts/engine/ResManager.ts from cce:/internal/x/prerequisite-imports as file:///D:/Works/Cocos/WxMiniGames/MiniGameBallRouge/assets/scripts/engine/ResManager.ts.
10:30:14.758 debug: Resolve file:///D:/Works/Cocos/WxMiniGames/MiniGameBallRouge/assets/scripts/engine/ScreenAdapter.ts from cce:/internal/x/prerequisite-imports as file:///D:/Works/Cocos/WxMiniGames/MiniGameBallRouge/assets/scripts/engine/ScreenAdapter.ts.
10:30:14.758 debug: Resolve file:///D:/Works/Cocos/WxMiniGames/MiniGameBallRouge/assets/scripts/engine/ui/UIBase.ts from cce:/internal/x/prerequisite-imports as file:///D:/Works/Cocos/WxMiniGames/MiniGameBallRouge/assets/scripts/engine/ui/UIBase.ts.
10:30:14.759 debug: Resolve file:///D:/Works/Cocos/WxMiniGames/MiniGameBallRouge/assets/scripts/engine/ui/UIData.ts from cce:/internal/x/prerequisite-imports as file:///D:/Works/Cocos/WxMiniGames/MiniGameBallRouge/assets/scripts/engine/ui/UIData.ts.
10:30:14.759 debug: Resolve file:///D:/Works/Cocos/WxMiniGames/MiniGameBallRouge/assets/scripts/engine/ui/UIManager.ts from cce:/internal/x/prerequisite-imports as file:///D:/Works/Cocos/WxMiniGames/MiniGameBallRouge/assets/scripts/engine/ui/UIManager.ts.
10:30:14.760 debug: Resolve file:///D:/Works/Cocos/WxMiniGames/MiniGameBallRouge/assets/scripts/framework/EventManager.ts from cce:/internal/x/prerequisite-imports as file:///D:/Works/Cocos/WxMiniGames/MiniGameBallRouge/assets/scripts/framework/EventManager.ts.
10:30:14.760 debug: Resolve file:///D:/Works/Cocos/WxMiniGames/MiniGameBallRouge/assets/scripts/framework/FrameworkConst.ts from cce:/internal/x/prerequisite-imports as file:///D:/Works/Cocos/WxMiniGames/MiniGameBallRouge/assets/scripts/framework/FrameworkConst.ts.
10:30:14.760 debug: Resolve file:///D:/Works/Cocos/WxMiniGames/MiniGameBallRouge/assets/scripts/framework/FrameworkEvent.ts from cce:/internal/x/prerequisite-imports as file:///D:/Works/Cocos/WxMiniGames/MiniGameBallRouge/assets/scripts/framework/FrameworkEvent.ts.
10:30:14.761 debug: Resolve file:///D:/Works/Cocos/WxMiniGames/MiniGameBallRouge/assets/scripts/framework/ObjectPool.ts from cce:/internal/x/prerequisite-imports as file:///D:/Works/Cocos/WxMiniGames/MiniGameBallRouge/assets/scripts/framework/ObjectPool.ts.
10:30:14.761 debug: Resolve file:///D:/Works/Cocos/WxMiniGames/MiniGameBallRouge/assets/scripts/framework/StorageManager.ts from cce:/internal/x/prerequisite-imports as file:///D:/Works/Cocos/WxMiniGames/MiniGameBallRouge/assets/scripts/framework/StorageManager.ts.
10:30:14.762 debug: Resolve file:///D:/Works/Cocos/WxMiniGames/MiniGameBallRouge/assets/scripts/framework/TimerManager.ts from cce:/internal/x/prerequisite-imports as file:///D:/Works/Cocos/WxMiniGames/MiniGameBallRouge/assets/scripts/framework/TimerManager.ts.
10:30:14.762 debug: Resolve file:///D:/Works/Cocos/WxMiniGames/MiniGameBallRouge/assets/scripts/framework/TypeFactory.ts from cce:/internal/x/prerequisite-imports as file:///D:/Works/Cocos/WxMiniGames/MiniGameBallRouge/assets/scripts/framework/TypeFactory.ts.
10:30:14.762 debug: Resolve file:///D:/Works/Cocos/WxMiniGames/MiniGameBallRouge/assets/scripts/framework/TypeRegistry.ts from cce:/internal/x/prerequisite-imports as file:///D:/Works/Cocos/WxMiniGames/MiniGameBallRouge/assets/scripts/framework/TypeRegistry.ts.
10:30:14.764 debug: Resolve cce:/internal/code-quality/cr.mjs from file:///D:/Works/Cocos/WxMiniGames/MiniGameBallRouge/assets/scripts/Game/CommonGame/ui/GamePanel.ts as cce:/internal/code-quality/cr.mjs.
10:30:14.764 debug: Resolve cc from file:///D:/Works/Cocos/WxMiniGames/MiniGameBallRouge/assets/scripts/Game/CommonGame/ui/GamePanel.ts as cce:/internal/x/cc.
10:30:14.764 debug: Resolve cc from file:///D:/Works/Cocos/WxMiniGames/MiniGameBallRouge/assets/scripts/Game/CommonGame/ui/GamePanel.ts as cce:/internal/x/cc.
10:30:14.764 debug: Resolve cc from file:///D:/Works/Cocos/WxMiniGames/MiniGameBallRouge/assets/scripts/Game/CommonGame/ui/GamePanel.ts as cce:/internal/x/cc.
10:30:14.765 debug: Resolve ../../../engine/ui/UIBase from file:///D:/Works/Cocos/WxMiniGames/MiniGameBallRouge/assets/scripts/Game/CommonGame/ui/GamePanel.ts as file:///D:/Works/Cocos/WxMiniGames/MiniGameBallRouge/assets/scripts/engine/ui/UIBase.ts.
10:30:14.765 debug: Resolve ../../../engine/ui/UIManager from file:///D:/Works/Cocos/WxMiniGames/MiniGameBallRouge/assets/scripts/Game/CommonGame/ui/GamePanel.ts as file:///D:/Works/Cocos/WxMiniGames/MiniGameBallRouge/assets/scripts/engine/ui/UIManager.ts.
10:30:14.766 debug: Resolve ../CommonGameProgress from file:///D:/Works/Cocos/WxMiniGames/MiniGameBallRouge/assets/scripts/Game/CommonGame/ui/GamePanel.ts as file:///D:/Works/Cocos/WxMiniGames/MiniGameBallRouge/assets/scripts/Game/CommonGame/CommonGameProgress.ts.
10:30:14.766 debug: Resolve ../CommonUIConfig from file:///D:/Works/Cocos/WxMiniGames/MiniGameBallRouge/assets/scripts/Game/CommonGame/ui/GamePanel.ts as file:///D:/Works/Cocos/WxMiniGames/MiniGameBallRouge/assets/scripts/Game/CommonGame/CommonUIConfig.ts.
10:30:14.792 debug: Target(preview) ends with cost 145.23660000006203ms.
